"","X.Label","X_est.x","Y_est.x","Z_est.x","reflat.x","reflong.x","rlat.x","m.lat.x","m.long.x","meterslat.x","meterslong.x","metersalt.x","ground.alt.x","vert.dist.x","center.dist.x","hor.dist.x","meterslat.or.x","meterslong.or.x","theta.x","thetadeg.x","X_est.y","Y_est.y","Z_est.y","reflat.y","reflong.y","rlat.y","m.lat.y","m.long.y","meterslat.y","meterslong.y","metersalt.y","ground.alt.y","vert.dist.y","center.dist.y","hor.dist.y","meterslat.or.y","meterslong.or.y","theta.y","thetadeg.y","is.in","avg.hor.dist","diff.hor.dist","avg.vert.dist","diff.vert.dist","avg.center.dist","diff.center.dist","avg.theta","diff.theta"
"1","1",-88.090005,41.819871,35.655896,41.8198712222222,-88.090008,0.729894445587803,111069.757208431,83084.0805208178,4644922.91845792,-7318877.06849924,35.655896,34.0455853413377,1.61031065866233,1.62967368128865,0.250471335851838,-0.0246821688488126,0.249252242967486,0,0,-88.090011,41.819878,102.945926,41.819881,-88.090011,0.729894616242219,111069.75739815,83084.0678820478,4644923.70388024,-7318876.45365434,102.945926,101.593858888762,1.35206711123803,1.39252069712934,0.333209271542728,-0.333209271542728,0,0,0,"both",0.291840303697283,-0.0827379356908901,1.48118888495018,0.2582435474243,1.511097189209,0.237152984159312,0,0
"2","1-1",-88.090003,41.819869,36.010128,41.8198712222222,-88.090008,0.729894445587803,111069.757208431,83084.0805208178,4644922.6963184,-7318876.90233108,36.010128,34.0455853413377,1.96454265866233,2.02309735639221,0.483213261135388,-0.24682168290019,0.41542040463537,-0.437403226545081,-25.0613588264378,-88.090008,41.819877,103.189811,41.819881,-88.090011,0.729894616242219,111069.75739815,83084.0678820478,4644923.59281048,-7318876.20440213,103.189811,101.593858888762,1.59595211123803,1.67528315784442,0.509421748251923,-0.444279029965401,0.249252203851938,0.511269239897751,29.2935696410027,"both",0.496317504693655,-0.0262084871165352,1.78024738495018,0.368590547424297,1.84919025711832,0.347814198547789,2.11610540728247,-54.3549284674405
"3","1-1-1",-88.089997,41.819868,36.516685,41.8198712222222,-88.090008,0.729894445587803,111069.757208431,83084.0805208178,4644922.58524864,-7318876.4038266,36.516685,34.0455853413377,2.47109965866233,2.65888670436401,0.981501392562736,-0.357891440391541,0.913924887776375,-0.274539547204341,-15.7299573642414,-88.090002,41.819874,103.59333,41.819881,-88.090011,0.729894616242219,111069.75739815,83084.0678820478,4644923.25960121,-7318875.70589772,103.59333,101.593858888762,1.99947111123802,2.27189628587725,1.07871590750643,-0.777488301508129,0.747756611555815,0.765907572249499,43.8832713870075,"both",1.03010865003459,-0.0972145149436969,2.23528538495018,0.471628547424309,2.46539149512063,0.386990418486756,14.076657011383,-59.6132287512488
"4","1-1-1-1",-88.089997,41.819867,36.570739,41.8198712222222,-88.090008,0.729894445587803,111069.757208431,83084.0805208178,4644922.47417889,-7318876.4038266,36.570739,34.0455853413377,2.52515365866233,2.7260932310908,1.02722115668599,-0.468961196951568,0.913924887776375,-0.375392337967491,-21.5083966270858,-88.090002,41.819875,103.577727,41.819881,-88.090011,0.729894616242219,111069.75739815,83084.0678820478,4644923.37067096,-7318875.70589772,103.577727,101.593858888762,1.98386811123802,2.22238302475563,1.00162549185555,-0.666418544016778,0.747756611555815,0.842851126553524,48.2918123093638,"both",1.01442332427077,0.0255956648304396,2.25451088495018,0.541285547424309,2.47423812792322,0.503710206335165,13.391707841139,-69.8002089364496
"5","1-1-1-2",-88.089995,41.819865,36.662398,41.8198712222222,-88.090008,0.729894445587803,111069.757208431,83084.0805208178,4644922.25203937,-7318876.23765844,36.662398,34.0455853413377,2.61681265866233,2.91409156994379,1.28227188516399,-0.691100711934268,1.08009304851294,-0.470505780307548,-26.957995448132,NA,NA,NA,NA,NA,NA,NA,NA,NA,NA,NA,NA,NA,NA,NA,NA,NA,NA,NA,"171221",NA,NA,NA,NA,NA,NA,NA,NA
"6","1-1-1-2-1",-88.089992,41.819864,36.686356,41.8198712222222,-88.090008,0.729894445587803,111069.757208431,83084.0805208178,4644922.14096962,-7318875.98840619,36.686356,34.0455853413377,2.64077065866233,3.06338147048018,1.55262241450696,-0.802170468494296,1.3293452905491,-0.444236674304689,-25.4528865425864,NA,NA,NA,NA,NA,NA,NA,NA,NA,NA,NA,NA,NA,NA,NA,NA,NA,NA,NA,"171221",NA,NA,NA,NA,NA,NA,NA,NA
"7","1-1-1-3",-88.089994,41.819858,36.583396,41.8198712222222,-88.090008,0.729894445587803,111069.757208431,83084.0805208178,4644921.47455107,-7318876.15457436,36.583396,34.0455853413377,2.53781065866233,3.15439655993112,1.87342859967631,-1.46858901157975,1.16317712888122,-0.802226568999742,-45.9641966169457,NA,NA,NA,NA,NA,NA,NA,NA,NA,NA,NA,NA,NA,NA,NA,NA,NA,NA,NA,"171221",NA,NA,NA,NA,NA,NA,NA,NA
"8","1-1-2",-88.089992,41.819868,36.713387,41.8198712222222,-88.090008,0.729894445587803,111069.757208431,83084.0805208178,4644922.58524864,-7318875.98840619,36.713387,34.0455853413377,2.66780165866233,3.00206776648564,1.37667904197405,-0.357891440391541,1.3293452905491,-0.164285192419017,-9.41284816210431,NA,NA,NA,NA,NA,NA,NA,NA,NA,NA,NA,NA,NA,NA,NA,NA,NA,NA,NA,"171221",NA,NA,NA,NA,NA,NA,NA,NA
"9","1-1-3",-88.089989,41.819868,36.857865,41.8198712222222,-88.090008,0.729894445587803,111069.757208431,83084.0805208178,4644922.58524864,-7318875.73915395,36.857865,34.0455853413377,2.81227965866233,3.24483795105015,1.61865884300845,-0.357891440391541,1.57859753165394,-0.124242947181302,-7.1185965077554,NA,NA,NA,NA,NA,NA,NA,NA,NA,NA,NA,NA,NA,NA,NA,NA,NA,NA,NA,"171221",NA,NA,NA,NA,NA,NA,NA,NA
"10","1-1-4",-88.089983,41.819867,37.007803,41.8198712222222,-88.090008,0.729894445587803,111069.757208431,83084.0805208178,4644922.47417889,-7318875.24064947,37.007803,34.0455853413377,2.96221765866233,3.64815170208181,2.12938427347237,-0.468961196951568,2.07710201479495,-0.123350498546146,-7.06746296752876,NA,NA,NA,NA,NA,NA,NA,NA,NA,NA,NA,NA,NA,NA,NA,NA,NA,NA,NA,"171221",NA,NA,NA,NA,NA,NA,NA,NA
"11","1-1-5",-88.089983,41.819866,37.035213,41.8198712222222,-88.090008,0.729894445587803,111069.757208431,83084.0805208178,4644922.36310913,-7318875.24064947,37.035213,34.0455853413377,2.98962765866233,3.68628026951505,2.15656873017699,-0.580030954442918,2.07710201479495,-0.173610113849711,-9.94712680437414,NA,NA,NA,NA,NA,NA,NA,NA,NA,NA,NA,NA,NA,NA,NA,NA,NA,NA,NA,"171221",NA,NA,NA,NA,NA,NA,NA,NA
"12","1-1-6",-88.089975,41.819867,37.332047,41.8198712222222,-88.090008,0.729894445587803,111069.757208431,83084.0805208178,4644922.47417889,-7318874.57597682,37.332047,34.0455853413377,3.28646165866233,4.30558743055457,2.78159179037686,-0.468961196951568,2.74177465960383,-0.070700551273373,-4.05084319721255,NA,NA,NA,NA,NA,NA,NA,NA,NA,NA,NA,NA,NA,NA,NA,NA,NA,NA,NA,"171221",NA,NA,NA,NA,NA,NA,NA,NA
"13","1-2",-88.089998,41.819865,36.213415,41.8198712222222,-88.090008,0.729894445587803,111069.757208431,83084.0805208178,4644922.25203937,-7318876.48691068,36.213415,34.0455853413377,2.16782965866233,2.42227208840514,1.08070192064722,-0.691100711934268,0.830840807408094,-0.595134812858448,-34.0987130180972,-88.090004,41.819873,103.325001,41.819881,-88.090011,0.729894616242219,111069.75739815,83084.0678820478,4644923.14853145,-7318875.87206586,103.325001,101.593858888762,1.73114211123803,2.03091939497604,1.06197014062928,-0.888558058999479,0.581588475964963,0.579553614745972,33.2059761264951,"both",1.07133603063825,0.0187317800179396,1.94948588495018,0.436687547424299,2.22659574169059,0.391352693429106,-0.446368445801053,-67.3046891445922
"14","1-2-1",-88.089997,41.819863,36.218439,41.8198712222222,-88.090008,0.729894445587803,111069.757208431,83084.0805208178,4644922.02989986,-7318876.4038266,36.218439,34.0455853413377,2.17285365866233,2.52795558363228,1.29200093299323,-0.913240225985646,0.913924887776375,-0.686320374870513,-39.3232608739169,-88.090003,41.81987,103.289894,41.819881,-88.090011,0.729894616242219,111069.75739815,83084.0678820478,4644922.81532218,-7318875.78898179,103.289894,101.593858888762,1.69603511123803,2.19340832994135,1.39086484005596,-1.22176733147353,0.66467254422605,0.498244669112293,28.5473167050266,"both",1.34143288652459,-0.0988639070627273,1.93444438495018,0.476818547424294,2.36068195678681,0.334547253690936,-5.38797208444516,-67.8705775789435
"15","1-2-2",-88.089994,41.819861,36.24763,41.8198712222222,-88.090008,0.729894445587803,111069.757208431,83084.0805208178,4644921.80776034,-7318876.15457436,36.24763,34.0455853413377,2.20204465866233,2.73698170727942,1.62544399695557,-1.13537974003702,1.16317712888122,-0.674602267731704,-38.6518627909811,-88.09,41.819868,103.307709,41.819881,-88.090011,0.729894616242219,111069.75739815,83084.0678820478,4644922.59318266,-7318875.53972959,103.307709,101.593858888762,1.71385011123803,2.42020817874845,1.70883744829351,-1.44390684645623,0.913924747146666,0.564297686591264,32.3318758306755,"both",1.66714072262454,-0.0833934513379422,1.95794738495018,0.4881945474243,2.57859494301394,0.316773528530975,-3.1599934801528,-70.9837386216565
"16","1-2-3",-88.08999,41.819855,36.389337,41.8198712222222,-88.090008,0.729894445587803,111069.757208431,83084.0805208178,4644921.1413418,-7318875.82223803,36.389337,34.0455853413377,2.34375165866233,3.31303627762782,2.34158867852481,-1.8017982840538,1.49551345128566,-0.779318555443524,-44.651664123146,NA,NA,NA,NA,NA,NA,NA,NA,NA,NA,NA,NA,NA,NA,NA,NA,NA,NA,NA,"171221",NA,NA,NA,NA,NA,NA,NA,NA
"17","1-3",-88.089995,41.819865,36.440763,41.8198712222222,-88.090008,0.729894445587803,111069.757208431,83084.0805208178,4644922.25203937,-7318876.23765844,36.440763,34.0455853413377,2.39517765866233,2.71681747712966,1.28227188516399,-0.691100711934268,1.08009304851294,-0.470505780307548,-26.957995448132,-88.09,41.819872,103.497249,41.819881,-88.090011,0.729894616242219,111069.75739815,83084.0678820478,4644923.03746169,-7318875.53972959,103.497249,101.593858888762,1.90339011123802,2.3361096144034,1.35444240001165,-0.999627816490829,0.913924747146666,0.740640660750911,42.4355839968078,"both",1.31835714258782,-0.0721705148476581,2.14928388495018,0.491787547424302,2.52646354576653,0.380707862726255,7.73879427433789,-69.3935794449399
"18","1-4",-88.089988,41.819861,37.017342,41.8198712222222,-88.090008,0.729894445587803,111069.757208431,83084.0805208178,4644921.80776034,-7318875.65606987,37.017342,34.0455853413377,2.97175665866233,3.58909606615972,2.01252898955998,-1.13537974003702,1.66168161202222,-0.500707278101409,-28.6884138066939,-88.089994,41.819867,103.923842,41.819881,-88.090011,0.729894616242219,111069.75739815,83084.0678820478,4644922.48211291,-7318875.04122518,103.923842,101.593858888762,2.32998311123802,3.13715311220593,2.10069235033808,-1.55497660301626,1.41242915391922,0.73739732910066,42.2497547816872,"both",2.05661066994903,-0.0881633607781054,2.65086988495018,0.641773547424307,3.36312458918283,0.451942953953793,6.78067048749665,-70.9381685883811
"19","1-4-1",-88.089983,41.81986,37.197702,41.8198712222222,-88.090008,0.729894445587803,111069.757208431,83084.0805208178,4644921.69669059,-7318875.24064947,37.197702,34.0455853413377,3.15211665866233,3.97540294304496,2.42239326488371,-1.24644949752837,2.07710201479495,-0.441783075843624,-25.3123057061476,NA,NA,NA,NA,NA,NA,NA,NA,NA,NA,NA,NA,NA,NA,NA,NA,NA,NA,NA,"171221",NA,NA,NA,NA,NA,NA,NA,NA
"20","1-4-2",-88.089983,41.81986,37.219481,41.8198712222222,-88.090008,0.729894445587803,111069.757208431,83084.0805208178,4644921.69669059,-7318875.24064947,37.219481,34.0455853413377,3.17389565866233,3.99269367493044,2.42239326488371,-1.24644949752837,2.07710201479495,-0.441783075843624,-25.3123057061476,NA,NA,NA,NA,NA,NA,NA,NA,NA,NA,NA,NA,NA,NA,NA,NA,NA,NA,NA,"171221",NA,NA,NA,NA,NA,NA,NA,NA
"21","1-5",-88.089987,41.81986,37.148119,41.8198712222222,-88.090008,0.729894445587803,111069.757208431,83084.0805208178,4644921.69669059,-7318875.57298579,37.148119,34.0455853413377,3.10253365866233,3.77141336604915,2.14425830404863,-1.24644949752837,1.74476569332182,-0.521617864236963,-29.8865021394059,NA,NA,NA,NA,NA,NA,NA,NA,NA,NA,NA,NA,NA,NA,NA,NA,NA,NA,NA,"171221",NA,NA,NA,NA,NA,NA,NA,NA
"22","1-6",-88.089987,41.819859,37.15764,41.8198712222222,-88.090008,0.729894445587803,111069.757208431,83084.0805208178,4644921.58562083,-7318875.57298579,37.15764,34.0455853413377,3.11205465866233,3.81732236663921,2.21067090548143,-1.35751925501972,1.74476569332182,-0.562511223708356,-32.2295190472281,NA,NA,NA,NA,NA,NA,NA,NA,NA,NA,NA,NA,NA,NA,NA,NA,NA,NA,NA,"171221",NA,NA,NA,NA,NA,NA,NA,NA
"23","1-7",-88.089986,41.819858,37.172164,41.8198712222222,-88.090008,0.729894445587803,111069.757208431,83084.0805208178,4644921.47455107,-7318875.48990171,37.172164,34.0455853413377,3.12657865866233,3.90810473105756,2.34473633488112,-1.46858901157975,1.8278497736901,-0.578139021657581,-33.1249259128019,NA,NA,NA,NA,NA,NA,NA,NA,NA,NA,NA,NA,NA,NA,NA,NA,NA,NA,NA,"171221",NA,NA,NA,NA,NA,NA,NA,NA
"24","1-8",-88.089982,41.819856,37.469146,41.8198712222222,-88.090008,0.729894445587803,111069.757208431,83084.0805208178,4644921.25241156,-7318875.15756539,37.469146,34.0455853413377,3.42356065866233,4.38699606790444,2.74316731466905,-1.69072852656245,2.16018609516323,-0.565385604466152,-32.3942089333634,NA,NA,NA,NA,NA,NA,NA,NA,NA,NA,NA,NA,NA,NA,NA,NA,NA,NA,NA,"171221",NA,NA,NA,NA,NA,NA,NA,NA
"25","1-8-1",-88.089983,41.819854,37.734157,41.8198712222222,-88.090008,0.729894445587803,111069.757208431,83084.0805208178,4644921.03027204,-7318875.24064947,37.734157,34.0455853413377,3.68857165866233,4.64531783646222,2.82372394554904,-1.91286804061383,2.07710201479495,-0.64555660446502,-36.9876688726419,NA,NA,NA,NA,NA,NA,NA,NA,NA,NA,NA,NA,NA,NA,NA,NA,NA,NA,NA,"171221",NA,NA,NA,NA,NA,NA,NA,NA
"26","1-8-2",-88.089987,41.819854,38.210915,41.8198712222222,-88.090008,0.729894445587803,111069.757208431,83084.0805208178,4644921.03027204,-7318875.57298579,38.210915,34.0455853413377,4.16532965866233,4.9044105283639,2.58906768266003,-1.91286804061383,1.74476569332182,-0.732622085817144,-41.9761534953936,NA,NA,NA,NA,NA,NA,NA,NA,NA,NA,NA,NA,NA,NA,NA,NA,NA,NA,NA,"171221",NA,NA,NA,NA,NA,NA,NA,NA
"27","1-8-2-1",-88.089986,41.819853,38.281745,41.8198712222222,-88.090008,0.729894445587803,111069.757208431,83084.0805208178,4644920.91920229,-7318875.48990171,38.281745,34.0455853413377,4.23615965866233,5.03809563818076,2.7271521786981,-2.02393779810518,1.8278497736901,-0.737559494191396,-42.2590461569707,NA,NA,NA,NA,NA,NA,NA,NA,NA,NA,NA,NA,NA,NA,NA,NA,NA,NA,NA,"171221",NA,NA,NA,NA,NA,NA,NA,NA
"28","1-8-3",-88.089985,41.819854,38.410321,41.8198712222222,-88.090008,0.729894445587803,111069.757208431,83084.0805208178,4644921.03027204,-7318875.40681763,38.410321,34.0455853413377,4.36473565866233,5.13435971717864,2.70383659554127,-1.91286804061383,1.91093385405838,-0.687200915538329,-39.3737121378724,NA,NA,NA,NA,NA,NA,NA,NA,NA,NA,NA,NA,NA,NA,NA,NA,NA,NA,NA,"171221",NA,NA,NA,NA,NA,NA,NA,NA
"29","1-9",-88.089981,41.819852,37.601818,41.8198712222222,-88.090008,0.729894445587803,111069.757208431,83084.0805208178,4644920.80813253,-7318875.07448131,37.601818,34.0455853413377,3.55623265866233,4.71564513821793,3.09685620380764,-2.13500755559653,2.24327017646283,-0.661972908918986,-37.928253833056,NA,NA,NA,NA,NA,NA,NA,NA,NA,NA,NA,NA,NA,NA,NA,NA,NA,NA,NA,"171221",NA,NA,NA,NA,NA,NA,NA,NA
"30","2",-88.090003,41.819874,35.798488,41.8198712222222,-88.090008,0.729894445587803,111069.757208431,83084.0805208178,4644923.25166719,-7318876.90233108,35.798488,34.0455853413377,1.75290265866233,1.82768455058021,0.517458293666375,0.308527102693915,0.41542040463537,0.737507053406504,42.2560415213221,-88.090008,41.819882,103.049608,41.819881,-88.090011,0.729894616242219,111069.75739815,83084.0678820478,4644924.14815927,-7318876.20440213,103.049608,101.593858888762,1.45574911123803,1.48110385423324,0.272879372899887,0.11106975749135,0.249252203851938,1.98999515072466,114.018323388023,"both",0.395168833283131,0.244578920766488,1.60432588495018,0.297153547424294,1.65439420240673,0.346580696346966,78.1371824546725,-71.7622818667009
"31","2-1",-88.089996,41.819879,35.964633,41.8198712222222,-88.090008,0.729894445587803,111069.757208431,83084.0805208178,4644923.80701597,-7318876.32074252,35.964633,34.0455853413377,1.91904765866233,2.32874480155142,1.31920750245569,0.863875889219344,0.997008968144655,0.812680038130581,46.5631362794131,-88.09,41.819887,103.226347,41.819881,-88.090011,0.729894616242219,111069.75739815,83084.0678820478,4644924.70350805,-7318875.53972959,103.226347,101.593858888762,1.63248811123803,1.98604872896698,1.13109332970266,0.666418544948101,0.913924747146666,2.20084101137657,126.098901331181,"both",1.22515041607917,0.188114172753035,1.77576788495018,0.286559547424297,2.1573967652592,0.342696072584436,86.331018805297,-79.5357650517678
"32","2-2",-88.089981,41.819883,36.239406,41.8198712222222,-88.090008,0.729894445587803,111069.757208431,83084.0805208178,4644924.251295,-7318875.07448131,36.239406,34.0455853413377,2.19382065866233,3.39946752552982,2.59683083291118,1.30815491825342,2.24327017646283,0.626638036328276,35.9037147639758,NA,NA,NA,NA,NA,NA,NA,NA,NA,NA,NA,NA,NA,NA,NA,NA,NA,NA,NA,"171221",NA,NA,NA,NA,NA,NA,NA,NA
"33","2-2-1",-88.089979,41.819882,36.136574,41.8198712222222,-88.090008,0.729894445587803,111069.757208431,83084.0805208178,4644924.14022525,-7318874.90831315,36.136574,34.0455853413377,2.09098865866233,3.40743885543636,2.69042858721114,1.19708516076207,2.40943833719939,0.559812772751981,32.0749091962048,NA,NA,NA,NA,NA,NA,NA,NA,NA,NA,NA,NA,NA,NA,NA,NA,NA,NA,NA,"171221",NA,NA,NA,NA,NA,NA,NA,NA
"34","2-2-2",-88.089974,41.819881,35.967189,41.8198712222222,-88.090008,0.729894445587803,111069.757208431,83084.0805208178,4644924.02915549,-7318874.49289274,35.967189,34.0455853413377,1.92160365866233,3.58494309298564,3.02642633463314,1.08601540420204,2.82485873997211,0.465732355154165,26.6844983330216,NA,NA,NA,NA,NA,NA,NA,NA,NA,NA,NA,NA,NA,NA,NA,NA,NA,NA,NA,"171221",NA,NA,NA,NA,NA,NA,NA,NA
"35","2-3",-88.089979,41.819885,36.51494,41.8198712222222,-88.090008,0.729894445587803,111069.757208431,83084.0805208178,4644924.47343452,-7318874.90831315,36.51494,34.0455853413377,2.46935465866233,3.7742425174552,2.85432901928093,1.5302944323048,2.40943833719939,0.664550154066174,38.0759191027604,NA,NA,NA,NA,NA,NA,NA,NA,NA,NA,NA,NA,NA,NA,NA,NA,NA,NA,NA,"171221",NA,NA,NA,NA,NA,NA,NA,NA
"36","2-3-1",-88.089979,41.819884,36.574724,41.8198712222222,-88.090008,0.729894445587803,111069.757208431,83084.0805208178,4644924.36236476,-7318874.90831315,36.574724,34.0455853413377,2.52913865866233,3.7704289060728,2.79635330046277,1.41922467574477,2.40943833719939,0.631015257888616,36.1545110853769,NA,NA,NA,NA,NA,NA,NA,NA,NA,NA,NA,NA,NA,NA,NA,NA,NA,NA,NA,"171221",NA,NA,NA,NA,NA,NA,NA,NA
"37","2-3-1-1",-88.089979,41.819884,36.629733,41.8198712222222,-88.090008,0.729894445587803,111069.757208431,83084.0805208178,4644924.36236476,-7318874.90831315,36.629733,34.0455853413377,2.58414765866233,3.80754657263428,2.79635330046277,1.41922467574477,2.40943833719939,0.631015257888616,36.1545110853769,NA,NA,NA,NA,NA,NA,NA,NA,NA,NA,NA,NA,NA,NA,NA,NA,NA,NA,NA,"171221",NA,NA,NA,NA,NA,NA,NA,NA
"38","2-3-1-2",-88.089979,41.819883,36.680929,41.8198712222222,-88.090008,0.729894445587803,111069.757208431,83084.0805208178,4644924.251295,-7318874.90831315,36.680929,34.0455853413377,2.63534365866233,3.80285400589722,2.74165322222136,1.30815491825342,2.40943833719939,0.596101603218949,34.1541060254278,NA,NA,NA,NA,NA,NA,NA,NA,NA,NA,NA,NA,NA,NA,NA,NA,NA,NA,NA,"171221",NA,NA,NA,NA,NA,NA,NA,NA
"39","2-4",-88.089979,41.819885,36.544233,41.8198712222222,-88.090008,0.729894445587803,111069.757208431,83084.0805208178,4644924.47343452,-7318874.90831315,36.544233,34.0455853413377,2.49864765866233,3.79347258754403,2.85432901928093,1.5302944323048,2.40943833719939,0.664550154066174,38.0759191027604,NA,NA,NA,NA,NA,NA,NA,NA,NA,NA,NA,NA,NA,NA,NA,NA,NA,NA,NA,"171221",NA,NA,NA,NA,NA,NA,NA,NA
"40","2-4-1",-88.089979,41.819885,36.663795,41.8198712222222,-88.090008,0.729894445587803,111069.757208431,83084.0805208178,4644924.47343452,-7318874.90831315,36.663795,34.0455853413377,2.61820965866233,3.87326941575485,2.85432901928093,1.5302944323048,2.40943833719939,0.664550154066174,38.0759191027604,NA,NA,NA,NA,NA,NA,NA,NA,NA,NA,NA,NA,NA,NA,NA,NA,NA,NA,NA,"171221",NA,NA,NA,NA,NA,NA,NA,NA
"41","2-5",-88.089978,41.819886,36.62275,41.8198712222222,-88.090008,0.729894445587803,111069.757208431,83084.0805208178,4644924.58450427,-7318874.82522907,36.62275,34.0455853413377,2.57716465866233,3.94316143259196,2.98441692891971,1.64136418979615,2.49252241756767,0.681041186998916,39.0207856896178,-88.089982,41.819893,103.788895,41.819881,-88.090011,0.729894616242219,111069.75739815,83084.0678820478,4644925.3699266,-7318874.04421637,103.788895,101.593858888762,2.19503611123803,3.5213675694119,2.75351521318967,1.33283708896488,2.40943796839565,2.07607269451851,118.950203358263,"both",2.86896607105469,0.230901715730044,2.38610038495018,0.382128547424308,3.73226450100193,0.421793863180061,78.9854945239406,-79.9294176686456
"42","2-5-1",-88.089978,41.819886,36.666557,41.8198712222222,-88.090008,0.729894445587803,111069.757208431,83084.0805208178,4644924.58450427,-7318874.82522907,36.666557,34.0455853413377,2.62097165866233,3.97193112240554,2.98441692891971,1.64136418979615,2.49252241756767,0.681041186998916,39.0207856896178,NA,NA,NA,NA,NA,NA,NA,NA,NA,NA,NA,NA,NA,NA,NA,NA,NA,NA,NA,"171221",NA,NA,NA,NA,NA,NA,NA,NA
"43","2-5-2",-88.089978,41.819887,36.694073,41.8198712222222,-88.090008,0.729894445587803,111069.757208431,83084.0805208178,4644924.69557403,-7318874.82522907,36.694073,34.0455853413377,2.64848765866233,4.03710039753407,3.04691528298426,1.7524339472875,2.49252241756767,0.711490825165033,40.7654214442367,NA,NA,NA,NA,NA,NA,NA,NA,NA,NA,NA,NA,NA,NA,NA,NA,NA,NA,NA,"171221",NA,NA,NA,NA,NA,NA,NA,NA
"44","2-5-3",-88.089978,41.819888,36.765939,41.8198712222222,-88.090008,0.729894445587803,111069.757208431,83084.0805208178,4644924.80664379,-7318874.82522907,36.765939,34.0455853413377,2.72035365866233,4.133477722757,3.1121237212442,1.86350370384753,2.49252241756767,0.740690591550711,42.4384448209041,NA,NA,NA,NA,NA,NA,NA,NA,NA,NA,NA,NA,NA,NA,NA,NA,NA,NA,NA,"171221",NA,NA,NA,NA,NA,NA,NA,NA
"45","2-6",-88.089977,41.819886,36.637522,41.8198712222222,-88.090008,0.729894445587803,111069.757208431,83084.0805208178,4644924.58450427,-7318874.74214499,36.637522,34.0455853413377,2.59193665866233,4.00574098991344,3.0541488561881,1.64136418979615,2.57560649793595,0.666079199767791,38.1635269681457,-88.089981,41.819893,103.736877,41.819881,-88.090011,0.729894616242219,111069.75739815,83084.0678820478,4644925.3699266,-7318873.9611323,103.736877,101.593858888762,2.14301811123804,3.54706180361673,2.82650328384428,1.33283708896488,2.49252203758806,2.06184375582149,118.134945223973,"both",2.94032607001619,0.227645572343816,2.36747738495018,0.448918547424292,3.77640139676508,0.458679186296711,78.1492360960596,-79.9714182558278
"46","2-7",-88.089974,41.819886,36.667918,41.8198712222222,-88.090008,0.729894445587803,111069.757208431,83084.0805208178,4644924.58450427,-7318874.49289274,36.667918,34.0455853413377,2.62233265866233,4.18933549349167,3.26709401522852,1.64136418979615,2.82485873997211,0.625066916370456,35.8136962212839,NA,NA,NA,NA,NA,NA,NA,NA,NA,NA,NA,NA,NA,NA,NA,NA,NA,NA,NA,"171221",NA,NA,NA,NA,NA,NA,NA,NA
"47","2-8",-88.089974,41.819885,36.718789,41.8198712222222,-88.090008,0.729894445587803,111069.757208431,83084.0805208178,4644924.47343452,-7318874.49289274,36.718789,34.0455853413377,2.67320365866233,4.17943127124081,3.21272905025306,1.5302944323048,2.82485873997211,0.595170335406986,34.1007483102059,NA,NA,NA,NA,NA,NA,NA,NA,NA,NA,NA,NA,NA,NA,NA,NA,NA,NA,NA,"171221",NA,NA,NA,NA,NA,NA,NA,NA
"48","3",-88.090006,41.819872,35.896169,41.8198712222222,-88.090008,0.729894445587803,111069.757208431,83084.0805208178,4644923.02952767,-7318877.15158332,35.896169,34.0455853413377,1.85058365866233,1.86003616939056,0.187282336948972,0.0863875886425376,0.166168162599206,0.578128304094967,33.1243118416974,-88.090013,41.81988,103.128528,41.819881,-88.090011,0.729894616242219,111069.75739815,83084.0678820478,4644923.92601975,-7318876.61982247,103.128528,101.593858888762,1.53466911123803,1.54762967834785,0.199870809061571,-0.11106975749135,-0.166168135590851,-0.981582305459792,-56.2405233475672,"both",0.193576573005272,-0.0125884721125983,1.69262638495018,0.315914547424299,1.7038329238692,0.312406491042719,-11.5581057529349,89.3648351892647
"49","3-1",-88.090009,41.819872,35.886834,41.8198712222222,-88.090008,0.729894445587803,111069.757208431,83084.0805208178,4644923.02952767,-7318877.40083556,35.886834,34.0455853413377,1.84124865866233,1.84514563181296,0.119857330074563,0.0863875886425376,-0.0830840785056353,2.43540704085427,139.538544837395,-88.090015,41.81988,103.14915,41.819881,-88.090011,0.729894616242219,111069.75739815,83084.0678820478,4644923.92601975,-7318876.78599061,103.14915,101.593858888762,1.55529111123803,1.5942754869373,0.350405318956663,-0.11106975749135,-0.33233627025038,-1.24825792028374,-71.5199105760356,"both",0.235131324515613,-0.2305479888821,1.69826988495018,0.285957547424296,1.71971055937513,0.250870144875658,34.0093171306795,211.05845541343
"50","3-1-1",-88.090022,41.819869,35.947635,41.8198712222222,-88.090008,0.729894445587803,111069.757208431,83084.0805208178,4644922.6963184,-7318878.48092861,35.947635,34.0455853413377,1.90204965866233,2.24314397081858,1.18907609924776,-0.24682168290019,-1.16317712608725,-2.8337949453125,-162.364490371912,NA,NA,NA,NA,NA,NA,NA,NA,NA,NA,NA,NA,NA,NA,NA,NA,NA,NA,NA,"171221",NA,NA,NA,NA,NA,NA,NA,NA
"51","3-1-2",-88.090025,41.81987,35.914096,41.8198712222222,-88.090008,0.729894445587803,111069.757208431,83084.0805208178,4644922.80738816,-7318878.73018085,35.914096,34.0455853413377,1.86851065866233,2.3462134140128,1.41893808975545,-0.13575192540884,-1.41242936719209,-2.94707153287794,-168.854760757056,NA,NA,NA,NA,NA,NA,NA,NA,NA,NA,NA,NA,NA,NA,NA,NA,NA,NA,NA,"171221",NA,NA,NA,NA,NA,NA,NA,NA
"52","3-1-3",-88.090028,41.819869,35.788976,41.8198712222222,-88.090008,0.729894445587803,111069.757208431,83084.0805208178,4644922.6963184,-7318878.97943309,35.788976,34.0455853413377,1.74339065866233,2.42105714560977,1.67991271011237,-0.24682168290019,-1.66168160922825,-2.8954304594168,-165.895945198208,NA,NA,NA,NA,NA,NA,NA,NA,NA,NA,NA,NA,NA,NA,NA,NA,NA,NA,NA,"171221",NA,NA,NA,NA,NA,NA,NA,NA
"53","3-1-4",-88.090031,41.81987,35.642162,41.8198712222222,-88.090008,0.729894445587803,111069.757208431,83084.0805208178,4644922.80738816,-7318879.22868533,35.642162,34.0455853413377,1.59657665866233,2.49382312705353,1.91574966058765,-0.13575192540884,-1.91093384940177,-2.97196914698468,-170.281288965318,NA,NA,NA,NA,NA,NA,NA,NA,NA,NA,NA,NA,NA,NA,NA,NA,NA,NA,NA,"171221",NA,NA,NA,NA,NA,NA,NA,NA
"54","3-1-5",-88.090032,41.819871,35.535033,41.8198712222222,-88.090008,0.729894445587803,111069.757208431,83084.0805208178,4644922.91845792,-7318879.31176941,35.535033,34.0455853413377,1.48944765866233,2.48901005253057,1.99417068319227,-0.0246821688488126,-1.99401792977005,-3.03051210198908,-173.635553207294,NA,NA,NA,NA,NA,NA,NA,NA,NA,NA,NA,NA,NA,NA,NA,NA,NA,NA,NA,"171221",NA,NA,NA,NA,NA,NA,NA,NA
"55","3-1-6",-88.090033,41.819871,35.507219,41.8198712222222,-88.090008,0.729894445587803,111069.757208431,83084.0805208178,4644922.91845792,-7318879.3948535,35.507219,34.0455853413377,1.46163365866233,2.53994782030108,2.07724865572651,-0.0246821688488126,-2.07710201200098,-3.03100715345369,-173.663917566858,NA,NA,NA,NA,NA,NA,NA,NA,NA,NA,NA,NA,NA,NA,NA,NA,NA,NA,NA,"171221",NA,NA,NA,NA,NA,NA,NA,NA
"56","3-1-6-1",-88.090033,41.819871,35.525213,41.8198712222222,-88.090008,0.729894445587803,111069.757208431,83084.0805208178,4644922.91845792,-7318879.3948535,35.525213,34.0455853413377,1.47962765866233,2.5503450719454,2.07724865572651,-0.0246821688488126,-2.07710201200098,-3.03100715345369,-173.663917566858,NA,NA,NA,NA,NA,NA,NA,NA,NA,NA,NA,NA,NA,NA,NA,NA,NA,NA,NA,"171221",NA,NA,NA,NA,NA,NA,NA,NA
"57","3-2",-88.09001,41.81987,36.078907,41.8198712222222,-88.090008,0.729894445587803,111069.757208431,83084.0805208178,4644922.80738816,-7318877.48391964,36.078907,34.0455853413377,2.03332165866233,2.04461179938163,0.214570367444497,-0.13575192540884,-0.166168159805238,-2.35789532571836,-135.097450697286,-88.090016,41.819877,103.246729,41.819881,-88.090011,0.729894616242219,111069.75739815,83084.0678820478,4644923.59281048,-7318876.86907468,103.246729,101.593858888762,1.65287011123803,1.76123181878871,0.608241658298542,-0.444279029965401,-0.41542033944279,-0.751842412144569,-43.0773970748192,"both",0.411406012871519,-0.393671290854045,1.84309588495018,0.3804515474243,1.90292180908517,0.283379980592926,-89.0874238860528,-92.0200536224673
"58","3-2-1",-88.090017,41.819868,36.322781,41.8198712222222,-88.090008,0.729894445587803,111069.757208431,83084.0805208178,4644922.58524864,-7318878.06550821,36.322781,34.0455853413377,2.27719565866233,2.42339564829975,0.828991194384841,-0.357891440391541,-0.747756723314524,-2.59649166481126,-148.768013934582,NA,NA,NA,NA,NA,NA,NA,NA,NA,NA,NA,NA,NA,NA,NA,NA,NA,NA,NA,"171221",NA,NA,NA,NA,NA,NA,NA,NA
"59","3-2-2",-88.090019,41.819866,36.281245,41.8198712222222,-88.090008,0.729894445587803,111069.757208431,83084.0805208178,4644922.36310913,-7318878.23167637,36.281245,34.0455853413377,2.23565965866233,2.48392204208786,1.08244842916406,-0.580030954442918,-0.913924884051085,-2.47737436190156,-141.943095210875,-88.090026,41.819873,103.43244,41.819881,-88.090011,0.729894616242219,111069.75739815,83084.0678820478,4644923.14853145,-7318877.69991535,103.43244,101.593858888762,1.83858111123803,2.39229648043417,1.53058875851629,-0.888558058999479,-1.24626101739705,-0.951412565909143,-54.5119246023061,"both",1.30651859384018,-0.448140329352227,2.03712038495018,0.3970785474243,2.43810926126101,0.0916255616536894,-98.2275099065905,-87.4311706085688
"60","3-2-2-1",-88.090024,41.819863,36.08645,41.8198712222222,-88.090008,0.729894445587803,111069.757208431,83084.0805208178,4644922.02989986,-7318878.64709677,36.08645,34.0455853413377,2.04086465866233,2.60121032539391,1.61281325700125,-0.913240225985646,-1.32934528682381,-2.44095204726653,-139.85625030219,NA,NA,NA,NA,NA,NA,NA,NA,NA,NA,NA,NA,NA,NA,NA,NA,NA,NA,NA,"171221",NA,NA,NA,NA,NA,NA,NA,NA
"61","3-2-2-2",-88.090028,41.81986,35.944195,41.8198712222222,-88.090008,0.729894445587803,111069.757208431,83084.0805208178,4644921.69669059,-7318878.97943309,35.944195,34.0455853413377,1.89860965866233,2.81416786214007,2.0772149913613,-1.24644949752837,-1.66168160922825,-2.39931595229205,-137.470677784747,NA,NA,NA,NA,NA,NA,NA,NA,NA,NA,NA,NA,NA,NA,NA,NA,NA,NA,NA,"171221",NA,NA,NA,NA,NA,NA,NA,NA
"62","3-2-3",-88.090023,41.819865,36.477018,41.8198712222222,-88.090008,0.729894445587803,111069.757208431,83084.0805208178,4644922.25203937,-7318878.56401269,36.477018,34.0455853413377,2.43143265866233,2.81827109454747,1.42505690719776,-0.691100711934268,-1.24626120645553,-2.53656804542387,-145.334643450536,NA,NA,NA,NA,NA,NA,NA,NA,NA,NA,NA,NA,NA,NA,NA,NA,NA,NA,NA,"171221",NA,NA,NA,NA,NA,NA,NA,NA
"63","3-2-4",-88.090024,41.819865,36.435316,41.8198712222222,-88.090008,0.729894445587803,111069.757208431,83084.0805208178,4644922.25203937,-7318878.64709677,36.435316,34.0455853413377,2.38973065866233,2.82056584865297,1.49825868448567,-0.691100711934268,-1.32934528682381,-2.56346434353936,-146.875687817079,NA,NA,NA,NA,NA,NA,NA,NA,NA,NA,NA,NA,NA,NA,NA,NA,NA,NA,NA,"171221",NA,NA,NA,NA,NA,NA,NA,NA
"64","3-2-5",-88.090028,41.819864,36.620103,41.8198712222222,-88.090008,0.729894445587803,111069.757208431,83084.0805208178,4644922.14096962,-7318878.97943309,36.620103,34.0455853413377,2.57451765866233,3.16746024532841,1.84517295421642,-0.802170468494296,-1.66168160922825,-2.59314004453857,-148.575980238426,NA,NA,NA,NA,NA,NA,NA,NA,NA,NA,NA,NA,NA,NA,NA,NA,NA,NA,NA,"171221",NA,NA,NA,NA,NA,NA,NA,NA
"65","3-3",-88.090008,41.819867,36.367757,41.8198712222222,-88.090008,0.729894445587803,111069.757208431,83084.0805208178,4644922.47417889,-7318877.31775148,36.367757,34.0455853413377,2.32217165866233,2.3690516702978,0.468961196951568,-0.468961196951568,1.86264514923096e-09,-1.47209324687875,-84.3447300958621,NA,NA,NA,NA,NA,NA,NA,NA,NA,NA,NA,NA,NA,NA,NA,NA,NA,NA,NA,"171221",NA,NA,NA,NA,NA,NA,NA,NA
"66","3-4",-88.09001,41.819867,36.59386,41.8198712222222,-88.090008,0.729894445587803,111069.757208431,83084.0805208178,4644922.47417889,-7318877.48391964,36.59386,34.0455853413377,2.54827465866233,2.59638983928838,0.497530362469776,-0.468961196951568,-0.166168159805238,-1.81262246886933,-103.855617316796,NA,NA,NA,NA,NA,NA,NA,NA,NA,NA,NA,NA,NA,NA,NA,NA,NA,NA,NA,"171221",NA,NA,NA,NA,NA,NA,NA,NA
"67","3-5",-88.09001,41.819865,36.994082,41.8198712222222,-88.090008,0.729894445587803,111069.757208431,83084.0805208178,4644922.25203937,-7318877.48391964,36.994082,34.0455853413377,2.94849665866233,3.03296300628808,0.710796772199418,-0.691100711934268,-0.166168159805238,-1.70805409586104,-97.8642908728713,NA,NA,NA,NA,NA,NA,NA,NA,NA,NA,NA,NA,NA,NA,NA,NA,NA,NA,NA,"171221",NA,NA,NA,NA,NA,NA,NA,NA
"68","3-5-1",-88.09001,41.819865,37.189611,41.8198712222222,-88.090008,0.729894445587803,111069.757208431,83084.0805208178,4644922.25203937,-7318877.48391964,37.189611,34.0455853413377,3.14402565866233,3.22337236348769,0.710796772199418,-0.691100711934268,-0.166168159805238,-1.70805409586104,-97.8642908728713,NA,NA,NA,NA,NA,NA,NA,NA,NA,NA,NA,NA,NA,NA,NA,NA,NA,NA,NA,"171221",NA,NA,NA,NA,NA,NA,NA,NA
"69","3-5-10",-88.090006,41.819857,38.861313,41.8198712222222,-88.090008,0.729894445587803,111069.757208431,83084.0805208178,4644921.36348132,-7318877.15158332,38.861313,34.0455853413377,4.81572765866233,5.07091378031319,1.58837454177685,-1.5796587690711,0.166168162599206,-1.36728625409096,-78.3397317456639,NA,NA,NA,NA,NA,NA,NA,NA,NA,NA,NA,NA,NA,NA,NA,NA,NA,NA,NA,"171221",NA,NA,NA,NA,NA,NA,NA,NA
"70","3-5-10-1",-88.090004,41.819857,39.008974,41.8198712222222,-88.090008,0.729894445587803,111069.757208431,83084.0805208178,4644921.36348132,-7318876.98541516,39.008974,34.0455853413377,4.96338865866233,5.21929077903008,1.61423952966423,-1.5796587690711,0.332336324267089,-1.26473245924569,-72.4638321279797,NA,NA,NA,NA,NA,NA,NA,NA,NA,NA,NA,NA,NA,NA,NA,NA,NA,NA,NA,"171221",NA,NA,NA,NA,NA,NA,NA,NA
"71","3-5-10-2",-88.090004,41.819858,39.111751,41.8198712222222,-88.090008,0.729894445587803,111069.757208431,83084.0805208178,4644921.47455107,-7318876.98541516,39.111751,34.0455853413377,5.06616565866233,5.28519021401971,1.50572278901535,-1.46858901157975,0.332336324267089,-1.24954527263465,-71.5936704324891,NA,NA,NA,NA,NA,NA,NA,NA,NA,NA,NA,NA,NA,NA,NA,NA,NA,NA,NA,"171221",NA,NA,NA,NA,NA,NA,NA,NA
"72","3-5-10-3",-88.090003,41.819858,39.122943,41.8198712222222,-88.090008,0.729894445587803,111069.757208431,83084.0805208178,4644921.47455107,-7318876.90233108,39.122943,34.0455853413377,5.07735765866233,5.30178164313632,1.5262135491209,-1.46858901157975,0.41542040463537,-1.19642478780054,-68.5500908458059,NA,NA,NA,NA,NA,NA,NA,NA,NA,NA,NA,NA,NA,NA,NA,NA,NA,NA,NA,"171221",NA,NA,NA,NA,NA,NA,NA,NA
"73","3-5-11",-88.090006,41.819856,38.976883,41.8198712222222,-88.090008,0.729894445587803,111069.757208431,83084.0805208178,4644921.25241156,-7318877.15158332,38.976883,34.0455853413377,4.93129765866233,5.2157330651714,1.69887457123639,-1.69072852656245,0.166168162599206,-1.37412588701016,-78.7316138453529,NA,NA,NA,NA,NA,NA,NA,NA,NA,NA,NA,NA,NA,NA,NA,NA,NA,NA,NA,"171221",NA,NA,NA,NA,NA,NA,NA,NA
"74","3-5-2",-88.090008,41.819865,37.209625,41.8198712222222,-88.090008,0.729894445587803,111069.757208431,83084.0805208178,4644922.25203937,-7318877.31775148,37.209625,34.0455853413377,3.16403965866233,3.23863661987944,0.691100711934268,-0.691100711934268,1.86264514923096e-09,-1.47209324815541,-84.3447301690097,NA,NA,NA,NA,NA,NA,NA,NA,NA,NA,NA,NA,NA,NA,NA,NA,NA,NA,NA,"171221",NA,NA,NA,NA,NA,NA,NA,NA
"75","3-5-3",-88.090009,41.819865,37.317511,41.8198712222222,-88.090008,0.729894445587803,111069.757208431,83084.0805208178,4644922.25203937,-7318877.40083556,37.317511,34.0455853413377,3.27192565866233,3.34514882687604,0.696076977163577,-0.691100711934268,-0.0830840785056353,-1.59173897818322,-91.199925536365,NA,NA,NA,NA,NA,NA,NA,NA,NA,NA,NA,NA,NA,NA,NA,NA,NA,NA,NA,"171221",NA,NA,NA,NA,NA,NA,NA,NA
"76","3-5-4",-88.090009,41.819863,37.32924,41.8198712222222,-88.090008,0.729894445587803,111069.757208431,83084.0805208178,4644922.02989986,-7318877.40083556,37.32924,34.0455853413377,3.28365465866233,3.40929590851458,0.917011818058767,-0.913240225985646,-0.0830840785056353,-1.56282073169907,-89.5430320619039,NA,NA,NA,NA,NA,NA,NA,NA,NA,NA,NA,NA,NA,NA,NA,NA,NA,NA,NA,"171221",NA,NA,NA,NA,NA,NA,NA,NA
"77","3-5-5",-88.09001,41.819863,37.588268,41.8198712222222,-88.090008,0.729894445587803,111069.757208431,83084.0805208178,4644922.02989986,-7318877.48391964,37.588268,34.0455853413377,3.54268265866233,3.66226978630441,0.928234651201609,-0.913240225985646,-0.166168159805238,-1.65207869404979,-94.6571365925378,NA,NA,NA,NA,NA,NA,NA,NA,NA,NA,NA,NA,NA,NA,NA,NA,NA,NA,NA,"171221",NA,NA,NA,NA,NA,NA,NA,NA
"78","3-5-6",-88.090008,41.819864,37.624354,41.8198712222222,-88.090008,0.729894445587803,111069.757208431,83084.0805208178,4644922.14096962,-7318877.31775148,37.624354,34.0455853413377,3.57876865866233,3.66756902767325,0.802170468494296,-0.802170468494296,1.86264514923096e-09,-1.47209324852859,-84.3447301903913,NA,NA,NA,NA,NA,NA,NA,NA,NA,NA,NA,NA,NA,NA,NA,NA,NA,NA,NA,"171221",NA,NA,NA,NA,NA,NA,NA,NA
"79","3-5-7",-88.090007,41.81986,37.978735,41.8198712222222,-88.090008,0.729894445587803,111069.757208431,83084.0805208178,4644921.69669059,-7318877.2346674,37.978735,34.0455853413377,3.93314965866233,4.12676696119911,1.24921547965469,-1.24644949752837,0.0830840822309256,-1.40553511187794,-80.5312298680537,NA,NA,NA,NA,NA,NA,NA,NA,NA,NA,NA,NA,NA,NA,NA,NA,NA,NA,NA,"171221",NA,NA,NA,NA,NA,NA,NA,NA
"80","3-5-7-1",-88.090008,41.81986,38.037697,41.8198712222222,-88.090008,0.729894445587803,111069.757208431,83084.0805208178,4644921.69669059,-7318877.31775148,38.037697,34.0455853413377,3.99211165866233,4.18217549190806,1.24644949752837,-1.24644949752837,1.86264514923096e-09,-1.47209324935624,-84.344730237812,NA,NA,NA,NA,NA,NA,NA,NA,NA,NA,NA,NA,NA,NA,NA,NA,NA,NA,NA,"171221",NA,NA,NA,NA,NA,NA,NA,NA
"81","3-5-8",-88.090007,41.81986,38.200323,41.8198712222222,-88.090008,0.729894445587803,111069.757208431,83084.0805208178,4644921.69669059,-7318877.2346674,38.200323,34.0455853413377,4.15473765866233,4.33847718985773,1.24921547965469,-1.24644949752837,0.0830840822309256,-1.40553511187794,-80.5312298680537,NA,NA,NA,NA,NA,NA,NA,NA,NA,NA,NA,NA,NA,NA,NA,NA,NA,NA,NA,"171221",NA,NA,NA,NA,NA,NA,NA,NA
"82","3-5-8-1",-88.090012,41.81986,38.438844,41.8198712222222,-88.090008,0.729894445587803,111069.757208431,83084.0805208178,4644921.69669059,-7318877.6500878,38.438844,34.0455853413377,4.39325865866233,4.5787340413865,1.28999371310096,-1.24644949752837,-0.332336320541799,-1.73265803255669,-99.2739926049392,NA,NA,NA,NA,NA,NA,NA,NA,NA,NA,NA,NA,NA,NA,NA,NA,NA,NA,NA,"171221",NA,NA,NA,NA,NA,NA,NA,NA
"83","3-5-8-2",-88.090012,41.81986,38.497154,41.8198712222222,-88.090008,0.729894445587803,111069.757208431,83084.0805208178,4644921.69669059,-7318877.6500878,38.497154,34.0455853413377,4.45156865866233,4.6347111347553,1.28999371310096,-1.24644949752837,-0.332336320541799,-1.73265803255669,-99.2739926049392,NA,NA,NA,NA,NA,NA,NA,NA,NA,NA,NA,NA,NA,NA,NA,NA,NA,NA,NA,"171221",NA,NA,NA,NA,NA,NA,NA,NA
"84","3-5-8-3",-88.090013,41.81986,38.479654,41.8198712222222,-88.090008,0.729894445587803,111069.757208431,83084.0805208178,4644921.69669059,-7318877.73317188,38.479654,34.0455853413377,4.43406865866233,4.62462704756963,1.31385328685551,-1.24644949752837,-0.415420400910079,-1.79379848508556,-102.777082492363,NA,NA,NA,NA,NA,NA,NA,NA,NA,NA,NA,NA,NA,NA,NA,NA,NA,NA,NA,"171221",NA,NA,NA,NA,NA,NA,NA,NA
"85","3-5-8-4",-88.090013,41.81986,38.508176,41.8198712222222,-88.090008,0.729894445587803,111069.757208431,83084.0805208178,4644921.69669059,-7318877.73317188,38.508176,34.0455853413377,4.46259065866233,4.65198085186959,1.31385328685551,-1.24644949752837,-0.415420400910079,-1.79379848508556,-102.777082492363,NA,NA,NA,NA,NA,NA,NA,NA,NA,NA,NA,NA,NA,NA,NA,NA,NA,NA,NA,"171221",NA,NA,NA,NA,NA,NA,NA,NA
"86","3-5-9",-88.090006,41.819859,38.278838,41.8198712222222,-88.090008,0.729894445587803,111069.757208431,83084.0805208178,4644921.58562083,-7318877.15158332,38.278838,34.0455853413377,4.23325265866233,4.448696264984,1.36765141246258,-1.35751925501972,0.166168162599206,-1.35029340501019,-77.3661132114328,NA,NA,NA,NA,NA,NA,NA,NA,NA,NA,NA,NA,NA,NA,NA,NA,NA,NA,NA,"171221",NA,NA,NA,NA,NA,NA,NA,NA
"87","3-6",-88.090011,41.819861,37.248692,41.8198712222222,-88.090008,0.729894445587803,111069.757208431,83084.0805208178,4644921.80776034,-7318877.56700372,37.248692,34.0455853413377,3.20310665866233,3.4075073147515,1.1624172371907,-1.13537974003702,-0.249252240173519,-1.68819716379215,-96.7265724712462,NA,NA,NA,NA,NA,NA,NA,NA,NA,NA,NA,NA,NA,NA,NA,NA,NA,NA,NA,"171221",NA,NA,NA,NA,NA,NA,NA,NA
"88","3-7",-88.090013,41.819859,37.482877,41.8198712222222,-88.090008,0.729894445587803,111069.757208431,83084.0805208178,4644921.58562083,-7318877.73317188,37.482877,34.0455853413377,3.43729165866233,3.71892546092971,1.41965933844764,-1.35751925501972,-0.415420400910079,-1.76905864249842,-101.359593926302,NA,NA,NA,NA,NA,NA,NA,NA,NA,NA,NA,NA,NA,NA,NA,NA,NA,NA,NA,"171221",NA,NA,NA,NA,NA,NA,NA,NA
"89","3-8",-88.090017,41.819857,37.78272,41.8198712222222,-88.090008,0.729894445587803,111069.757208431,83084.0805208178,4644921.36348132,-7318878.06550821,37.78272,34.0455853413377,3.73713465866233,4.12560751901347,1.74770190363383,-1.5796587690711,-0.747756723314524,-1.91420753061597,-109.676012616454,NA,NA,NA,NA,NA,NA,NA,NA,NA,NA,NA,NA,NA,NA,NA,NA,NA,NA,NA,"171221",NA,NA,NA,NA,NA,NA,NA,NA
"90","3-9",-88.090016,41.819856,37.762717,41.8198712222222,-88.090008,0.729894445587803,111069.757208431,83084.0805208178,4644921.25241156,-7318877.98242413,37.762717,34.0455853413377,3.71713165866233,4.13732044210295,1.81668727986222,-1.69072852656245,-0.664672642946243,-1.84666144669974,-105.805907085418,NA,NA,NA,NA,NA,NA,NA,NA,NA,NA,NA,NA,NA,NA,NA,NA,NA,NA,NA,"171221",NA,NA,NA,NA,NA,NA,NA,NA
"91","4",-88.090006,41.819873,36.112686,41.8198712222222,-88.090008,0.729894445587803,111069.757208431,83084.0805208178,4644923.14059743,-7318877.15158332,36.112686,34.0455853413377,2.06710065866233,2.08314819320327,0.258072202694971,0.197457346133888,0.166168162599206,0.969937628621265,55.5733325109259,NA,NA,NA,NA,NA,NA,NA,NA,NA,NA,NA,NA,NA,NA,NA,NA,NA,NA,NA,"171221",NA,NA,NA,NA,NA,NA,NA,NA
"92","4-1",-88.090011,41.819873,36.722422,41.8198712222222,-88.090008,0.729894445587803,111069.757208431,83084.0805208178,4644923.14059743,-7318877.56700372,36.722422,34.0455853413377,2.67683665866233,2.69565772677695,0.317987551287398,0.197457346133888,-0.249252240173519,2.57032970066947,147.269043805485,-88.090017,41.819881,103.87835,41.819881,-88.090011,0.729894616242219,111069.75739815,83084.0678820478,4644924.03708951,-7318876.95215874,103.87835,101.593858888762,2.28449111123803,2.33824854985461,0.498504406772554,0,-0.498504406772554,4.71238898038469,270,"both",0.408245979029976,-0.180516855485156,2.48066388495018,0.392345547424306,2.51695313831578,0.357409176922335,208.634521902742,-122.730956194515
"93","4-2",-88.090014,41.819873,36.928667,41.8198712222222,-88.090008,0.729894445587803,111069.757208431,83084.0805208178,4644923.14059743,-7318877.81625597,36.928667,34.0455853413377,2.88308165866233,2.93251700283425,0.53618664790989,0.197457346133888,-0.49850448127836,2.86315641976009,164.04677893804,NA,NA,NA,NA,NA,NA,NA,NA,NA,NA,NA,NA,NA,NA,NA,NA,NA,NA,NA,"171221",NA,NA,NA,NA,NA,NA,NA,NA
"94","4-3",-88.090015,41.819871,36.981356,41.8198712222222,-88.090008,0.729894445587803,111069.757208431,83084.0805208178,4644922.91845792,-7318877.89934005,36.981356,34.0455853413377,2.93577065866233,2.99292562967407,0.582112072110937,-0.0246821688488126,-0.58158856164664,-3.00047580231377,-171.914600003709,-88.09002,41.819879,103.991018,41.819881,-88.090011,0.729894616242219,111069.75739815,83084.0678820478,4644923.81494999,-7318877.20141095,103.991018,101.593858888762,2.39715911123803,2.52088431230948,0.780055069502514,-0.2221395149827,-0.74775660969317,-1.28202551806102,-73.4546514129694,"both",0.681083570806726,-0.197942997391577,2.66646488495018,0.538611547424303,2.75690497099178,0.472041317364587,-122.684625708339,-98.4599485907393
"95","4-3-1",-88.090021,41.819868,37.283171,41.8198712222222,-88.090008,0.729894445587803,111069.757208431,83084.0805208178,4644922.58524864,-7318878.39784453,37.283171,34.0455853413377,3.23758565866233,3.43171213327694,1.13784325304682,-0.357891440391541,-1.08009304478765,-2.72292290666156,-156.011990491202,-88.090027,41.819875,104.310414,41.819881,-88.090011,0.729894616242219,111069.75739815,83084.0678820478,4644923.37067096,-7318877.78299942,104.310414,101.593858888762,2.71655511123802,3.09692487920556,1.48703464487179,-0.666418544016778,-1.32934508658946,-1.10609852651996,-63.3747772952331,"both",1.31243894895931,-0.349191391824966,2.97707038495018,0.52103054742431,3.26431850624125,0.334787254071379,-109.693383893217,-92.6372131959687
"96","4-3-1-1",-88.090023,41.819866,37.277525,41.8198712222222,-88.090008,0.729894445587803,111069.757208431,83084.0805208178,4644922.36310913,-7318878.56401269,37.277525,34.0455853413377,3.23193965866233,3.51212711331215,1.37462827805482,-0.580030954442918,-1.24626120645553,-2.6072892255116,-149.386668591748,NA,NA,NA,NA,NA,NA,NA,NA,NA,NA,NA,NA,NA,NA,NA,NA,NA,NA,NA,"171221",NA,NA,NA,NA,NA,NA,NA,NA
"97","4-3-1-2",-88.090028,41.81986,37.268878,41.8198712222222,-88.090008,0.729894445587803,111069.757208431,83084.0805208178,4644921.69669059,-7318878.97943309,37.268878,34.0455853413377,3.22329265866233,3.83463657778969,2.0772149913613,-1.24644949752837,-1.66168160922825,-2.39931595229205,-137.470677784747,NA,NA,NA,NA,NA,NA,NA,NA,NA,NA,NA,NA,NA,NA,NA,NA,NA,NA,NA,"171221",NA,NA,NA,NA,NA,NA,NA,NA
"98","4-3-2",-88.090022,41.819868,37.378518,41.8198712222222,-88.090008,0.729894445587803,111069.757208431,83084.0805208178,4644922.58524864,-7318878.48092861,37.378518,34.0455853413377,3.33293265866233,3.54816958683433,1.21699108861081,-0.357891440391541,-1.16317712608725,-2.74439788222262,-157.242415955998,NA,NA,NA,NA,NA,NA,NA,NA,NA,NA,NA,NA,NA,NA,NA,NA,NA,NA,NA,"171221",NA,NA,NA,NA,NA,NA,NA,NA
"99","4-3-3",-88.090024,41.819869,37.5074,41.8198712222222,-88.090008,0.729894445587803,111069.757208431,83084.0805208178,4644922.6963184,-7318878.64709677,37.5074,34.0455853413377,3.46181465866233,3.71648228378392,1.35206502608061,-0.24682168290019,-1.32934528682381,-2.85930850233897,-163.826309509895,NA,NA,NA,NA,NA,NA,NA,NA,NA,NA,NA,NA,NA,NA,NA,NA,NA,NA,NA,"171221",NA,NA,NA,NA,NA,NA,NA,NA
"100","4-3-4",-88.090026,41.819868,37.648967,41.8198712222222,-88.090008,0.729894445587803,111069.757208431,83084.0805208178,4644922.58524864,-7318878.81326493,37.648967,34.0455853413377,3.60338165866233,3.9177807659615,1.53774079485257,-0.357891440391541,-1.49551344662905,-2.80799704528047,-160.886379579776,NA,NA,NA,NA,NA,NA,NA,NA,NA,NA,NA,NA,NA,NA,NA,NA,NA,NA,NA,"171221",NA,NA,NA,NA,NA,NA,NA,NA
"101","4-3-4-1",-88.09003,41.819867,37.729919,41.8198712222222,-88.090008,0.729894445587803,111069.757208431,83084.0805208178,4644922.47417889,-7318879.14560125,37.729919,34.0455853413377,3.68433365866233,4.13947749047616,1.88705044601533,-0.468961196951568,-1.82784976996481,-2.79174225299688,-159.955048585065,NA,NA,NA,NA,NA,NA,NA,NA,NA,NA,NA,NA,NA,NA,NA,NA,NA,NA,NA,"171221",NA,NA,NA,NA,NA,NA,NA,NA
"102","4-3-5",-88.090026,41.819867,37.68945,41.8198712222222,-88.090008,0.729894445587803,111069.757208431,83084.0805208178,4644922.47417889,-7318878.81326493,37.68945,34.0455853413377,3.64386465866233,3.96664023122124,1.56731779588396,-0.468961196951568,-1.49551344662905,-2.73902226002547,-156.934415491844,NA,NA,NA,NA,NA,NA,NA,NA,NA,NA,NA,NA,NA,NA,NA,NA,NA,NA,NA,"171221",NA,NA,NA,NA,NA,NA,NA,NA
"103","4-3-6",-88.090029,41.819865,37.944887,41.8198712222222,-88.090008,0.729894445587803,111069.757208431,83084.0805208178,4644922.25203937,-7318879.06251717,37.944887,34.0455853413377,3.89930165866233,4.32739886431516,1.87665327261839,-0.691100711934268,-1.74476568959653,-2.66575026864596,-152.736239629279,NA,NA,NA,NA,NA,NA,NA,NA,NA,NA,NA,NA,NA,NA,NA,NA,NA,NA,NA,"171221",NA,NA,NA,NA,NA,NA,NA,NA
"104","4-4",-88.090022,41.819873,37.164699,41.8198712222222,-88.090008,0.729894445587803,111069.757208431,83084.0805208178,4644923.14059743,-7318878.48092861,37.164699,34.0455853413377,3.11911365866233,3.33479241420643,1.1798179648551,0.197457346133888,-1.16317712608725,3.0721418510635,176.020762131447,NA,NA,NA,NA,NA,NA,NA,NA,NA,NA,NA,NA,NA,NA,NA,NA,NA,NA,NA,"171221",NA,NA,NA,NA,NA,NA,NA,NA
"105","4-5",-88.090022,41.819873,37.148332,41.8198712222222,-88.090008,0.729894445587803,111069.757208431,83084.0805208178,4644923.14059743,-7318878.48092861,37.148332,34.0455853413377,3.10274665866233,3.31948900556021,1.1798179648551,0.197457346133888,-1.16317712608725,3.0721418510635,176.020762131447,NA,NA,NA,NA,NA,NA,NA,NA,NA,NA,NA,NA,NA,NA,NA,NA,NA,NA,NA,"171221",NA,NA,NA,NA,NA,NA,NA,NA
"106","4-6",-88.090023,41.819874,37.184247,41.8198712222222,-88.090008,0.729894445587803,111069.757208431,83084.0805208178,4644923.25166719,-7318878.56401269,37.184247,34.0455853413377,3.13866165866233,3.39109908073616,1.28388315972003,0.308527102693915,-1.24626120645553,2.99761282709462,171.7505636068,NA,NA,NA,NA,NA,NA,NA,NA,NA,NA,NA,NA,NA,NA,NA,NA,NA,NA,NA,"171221",NA,NA,NA,NA,NA,NA,NA,NA
"107","4-7",-88.090025,41.819875,37.156431,41.8198712222222,-88.090008,0.729894445587803,111069.757208431,83084.0805208178,4644923.36273695,-7318878.73018085,37.156431,34.0455853413377,3.11084565866233,3.44214743367913,1.47343755998194,0.419596861116588,-1.41242936719209,2.95152496279649,169.109923495746,NA,NA,NA,NA,NA,NA,NA,NA,NA,NA,NA,NA,NA,NA,NA,NA,NA,NA,NA,"171221",NA,NA,NA,NA,NA,NA,NA,NA
"108","10",-88.09,41.819874,37.843145,41.8198712222222,-88.090008,0.729894445587803,111069.757208431,83084.0805208178,4644923.25166719,-7318876.65307884,37.843145,34.0455853413377,3.79755965866233,3.86761400093023,0.732788304418127,0.308527102693915,0.664672645740211,0.533285520484777,30.5550095992151,-88.090005,41.81988,104.728411,41.819881,-88.090011,0.729894616242219,111069.75739815,83084.0678820478,4644923.92601975,-7318875.95514993,104.728411,101.593858888762,3.13455211123802,3.17588728918331,0.510728044588683,-0.11106975749135,0.498504407703876,1.35157117361912,77.4393239599189,"both",0.621758174503405,0.222060259829444,3.46605588495018,0.663007547424307,3.52175064505677,0.691726711746919,53.997166779567,-46.8843143607038
"109","10-1",-88.089997,41.819871,38.513602,41.8198712222222,-88.090008,0.729894445587803,111069.757208431,83084.0805208178,4644922.91845792,-7318876.4038266,38.513602,34.0455853413377,4.46801665866233,4.56059653686228,0.914258119983706,-0.0246821688488126,0.913924887776375,0.0717028585044427,4.10827117132829,NA,NA,NA,NA,NA,NA,NA,NA,NA,NA,NA,NA,NA,NA,NA,NA,NA,NA,NA,"171221",NA,NA,NA,NA,NA,NA,NA,NA
"110","10-10",-88.089983,41.819868,41.280198,41.8198712222222,-88.090008,0.729894445587803,111069.757208431,83084.0805208178,4644922.58524864,-7318875.24064947,41.280198,34.0455853413377,7.23461265866233,7.53538714226734,2.10770943513824,-0.357891440391541,2.07710201479495,-0.0719247875587592,-4.12098676949196,NA,NA,NA,NA,NA,NA,NA,NA,NA,NA,NA,NA,NA,NA,NA,NA,NA,NA,NA,"171221",NA,NA,NA,NA,NA,NA,NA,NA
"111","10-10-1",-88.089982,41.819868,41.756707,41.8198712222222,-88.090008,0.729894445587803,111069.757208431,83084.0805208178,4644922.58524864,-7318875.15756539,41.756707,34.0455853413377,7.71112165866233,8.01597701366049,2.18963244606077,-0.357891440391541,2.16018609516323,-0.0654817572540252,-3.75182832575581,NA,NA,NA,NA,NA,NA,NA,NA,NA,NA,NA,NA,NA,NA,NA,NA,NA,NA,NA,"171221",NA,NA,NA,NA,NA,NA,NA,NA
"112","10-10-2",-88.089983,41.819868,41.966596,41.8198712222222,-88.090008,0.729894445587803,111069.757208431,83084.0805208178,4644922.58524864,-7318875.24064947,41.966596,34.0455853413377,7.92101065866233,8.1966364392727,2.10770943513824,-0.357891440391541,2.07710201479495,-0.0719247875587592,-4.12098676949196,NA,NA,NA,NA,NA,NA,NA,NA,NA,NA,NA,NA,NA,NA,NA,NA,NA,NA,NA,"171221",NA,NA,NA,NA,NA,NA,NA,NA
"113","10-10-3",-88.089983,41.819869,41.980789,41.8198712222222,-88.090008,0.729894445587803,111069.757208431,83084.0805208178,4644922.6963184,-7318875.24064947,41.980789,34.0455853413377,7.93520365866233,8.20626168407168,2.09171549762746,-0.24682168290019,2.07710201479495,-0.0195721338301885,-1.12140066453502,NA,NA,NA,NA,NA,NA,NA,NA,NA,NA,NA,NA,NA,NA,NA,NA,NA,NA,NA,"171221",NA,NA,NA,NA,NA,NA,NA,NA
"114","10-11",-88.08998,41.819867,41.457352,41.8198712222222,-88.090008,0.729894445587803,111069.757208431,83084.0805208178,4644922.47417889,-7318874.99139723,41.457352,34.0455853413377,7.41176665866233,7.78242466940612,2.37315164549644,-0.468961196951568,2.32635425683111,-0.100217326608664,-5.74202984876057,NA,NA,NA,NA,NA,NA,NA,NA,NA,NA,NA,NA,NA,NA,NA,NA,NA,NA,NA,"171221",NA,NA,NA,NA,NA,NA,NA,NA
"115","10-2",-88.089998,41.819872,38.544132,41.8198712222222,-88.090008,0.729894445587803,111069.757208431,83084.0805208178,4644923.02952767,-7318876.48691068,38.544132,34.0455853413377,4.49854665866233,4.57544329031494,0.835319856537606,0.0863875886425376,0.830840807408094,0.20230689372387,11.5913311767794,-88.090003,41.819876,105.302793,41.819881,-88.090011,0.729894616242219,111069.75739815,83084.0678820478,4644923.48174072,-7318875.78898179,105.302793,101.593858888762,3.70893411123802,3.80872604780761,0.86614194318437,-0.555348786525428,0.66467254422605,0.874767543854295,50.1204883178762,"both",0.850730899860988,-0.0308220866467642,4.10374038495018,0.789612547424305,4.19208466906127,0.766717242507329,30.8559097473278,-38.5291571410968
"116","10-2-1",-88.089998,41.81987,38.721378,41.8198712222222,-88.090008,0.729894445587803,111069.757208431,83084.0805208178,4644922.80738816,-7318876.48691068,38.721378,34.0455853413377,4.67579265866233,4.7509748493659,0.841858083352973,-0.13575192540884,0.830840807408094,-0.0632568009103458,-3.62434771766212,NA,NA,NA,NA,NA,NA,NA,NA,NA,NA,NA,NA,NA,NA,NA,NA,NA,NA,NA,"171221",NA,NA,NA,NA,NA,NA,NA,NA
"117","10-2-2",-88.09,41.819868,38.893762,41.8198712222222,-88.090008,0.729894445587803,111069.757208431,83084.0805208178,4644922.58524864,-7318876.65307884,38.893762,34.0455853413377,4.84817665866233,4.90659687794902,0.754901324082044,-0.357891440391541,0.664672645740211,-0.395227545150209,-22.6448702844232,NA,NA,NA,NA,NA,NA,NA,NA,NA,NA,NA,NA,NA,NA,NA,NA,NA,NA,NA,"171221",NA,NA,NA,NA,NA,NA,NA,NA
"118","10-3",-88.089996,41.819871,38.882149,41.8198712222222,-88.090008,0.729894445587803,111069.757208431,83084.0805208178,4644922.91845792,-7318876.32074252,38.882149,34.0455853413377,4.83656365866233,4.93831794402842,0.997314439893433,-0.0246821688488126,0.997008968144655,0.0739519160564003,4.23713267693748,-88.090002,41.819876,105.569814,41.819881,-88.090011,0.729894616242219,111069.75739815,83084.0678820478,4644923.48174072,-7318875.70589772,105.569814,101.593858888762,3.97595511123802,4.0835978341899,0.931424835840606,-0.555348786525428,0.747756611555815,0.931992273128045,53.3992237890409,"both",0.964369637867019,0.0658896040528271,4.40625938495018,0.860608547424306,4.51095788910916,0.854720109838518,28.8181782329892,-49.1620911121034
"119","10-3-1",-88.089996,41.819871,39.171915,41.8198712222222,-88.090008,0.729894445587803,111069.757208431,83084.0805208178,4644922.91845792,-7318876.32074252,39.171915,34.0455853413377,5.12632965866233,5.22244117834763,0.997314439893433,-0.0246821688488126,0.997008968144655,0.0739519160564003,4.23713267693748,NA,NA,NA,NA,NA,NA,NA,NA,NA,NA,NA,NA,NA,NA,NA,NA,NA,NA,NA,"171221",NA,NA,NA,NA,NA,NA,NA,NA
"120","10-3-10",-88.089993,41.819872,41.273004,41.8198712222222,-88.090008,0.729894445587803,111069.757208431,83084.0805208178,4644923.02952767,-7318876.07149027,41.273004,34.0455853413377,7.22741865866233,7.33458998749977,1.24925170288116,0.0863875886425376,1.2462612092495,0.167909775328372,9.6205214653056,NA,NA,NA,NA,NA,NA,NA,NA,NA,NA,NA,NA,NA,NA,NA,NA,NA,NA,NA,"171221",NA,NA,NA,NA,NA,NA,NA,NA
"121","10-3-2",-88.089997,41.819872,39.209456,41.8198712222222,-88.090008,0.729894445587803,111069.757208431,83084.0805208178,4644923.02952767,-7318876.4038266,39.209456,34.0455853413377,5.16387065866233,5.24483381008038,0.917998647040687,0.0863875886425376,0.913924887776375,0.192946789944518,11.0550367344181,NA,NA,NA,NA,NA,NA,NA,NA,NA,NA,NA,NA,NA,NA,NA,NA,NA,NA,NA,"171221",NA,NA,NA,NA,NA,NA,NA,NA
"122","10-3-2-1",-88.090004,41.819873,39.761555,41.8198712222222,-88.090008,0.729894445587803,111069.757208431,83084.0805208178,4644923.14059743,-7318876.98541516,39.761555,34.0455853413377,5.71596965866233,5.72902661668786,0.386570609293565,0.197457346133888,0.332336324267089,0.634809377281079,36.3718981135338,NA,NA,NA,NA,NA,NA,NA,NA,NA,NA,NA,NA,NA,NA,NA,NA,NA,NA,NA,"171221",NA,NA,NA,NA,NA,NA,NA,NA
"123","10-3-3",-88.089997,41.819872,39.346911,41.8198712222222,-88.090008,0.729894445587803,111069.757208431,83084.0805208178,4644923.02952767,-7318876.4038266,39.346911,34.0455853413377,5.30132565866233,5.38022074409221,0.917998647040687,0.0863875886425376,0.913924887776375,0.192946789944518,11.0550367344181,NA,NA,NA,NA,NA,NA,NA,NA,NA,NA,NA,NA,NA,NA,NA,NA,NA,NA,NA,"171221",NA,NA,NA,NA,NA,NA,NA,NA
"124","10-3-3-1",-88.089996,41.819874,40.441274,41.8198712222222,-88.090008,0.729894445587803,111069.757208431,83084.0805208178,4644923.25166719,-7318876.32074252,40.441274,34.0455853413377,6.39568865866233,6.48028157368177,1.04365504629527,0.308527102693915,0.997008968144655,0.398809339770631,22.850091999256,NA,NA,NA,NA,NA,NA,NA,NA,NA,NA,NA,NA,NA,NA,NA,NA,NA,NA,NA,"171221",NA,NA,NA,NA,NA,NA,NA,NA
"125","10-3-4",-88.089994,41.819871,39.896474,41.8198712222222,-88.090008,0.729894445587803,111069.757208431,83084.0805208178,4644922.91845792,-7318876.15457436,39.896474,34.0455853413377,5.85088865866233,5.96544116882187,1.16343897244825,-0.0246821688488126,1.16317712888122,0.0774866466718373,4.4396578229177,NA,NA,NA,NA,NA,NA,NA,NA,NA,NA,NA,NA,NA,NA,NA,NA,NA,NA,NA,"171221",NA,NA,NA,NA,NA,NA,NA,NA
"126","10-3-5",-88.089993,41.819871,40.171794,41.8198712222222,-88.090008,0.729894445587803,111069.757208431,83084.0805208178,4644922.91845792,-7318876.07149027,40.171794,34.0455853413377,6.12620865866233,6.25173645802575,1.24650560012344,-0.0246821688488126,1.2462612092495,0.078900692351798,4.52067667241816,NA,NA,NA,NA,NA,NA,NA,NA,NA,NA,NA,NA,NA,NA,NA,NA,NA,NA,NA,"171221",NA,NA,NA,NA,NA,NA,NA,NA
"127","10-3-6",-88.08999,41.819869,40.695574,41.8198712222222,-88.090008,0.729894445587803,111069.757208431,83084.0805208178,4644922.6963184,-7318875.82223803,40.695574,34.0455853413377,6.64998865866233,6.82054474264803,1.51574451215435,-0.24682168290019,1.49551345128566,-0.0648638773798913,-3.71642641672186,NA,NA,NA,NA,NA,NA,NA,NA,NA,NA,NA,NA,NA,NA,NA,NA,NA,NA,NA,"171221",NA,NA,NA,NA,NA,NA,NA,NA
"128","10-3-6-1",-88.089988,41.819868,40.993147,41.8198712222222,-88.090008,0.729894445587803,111069.757208431,83084.0805208178,4644922.58524864,-7318875.65606987,40.993147,34.0455853413377,6.94756165866233,7.15247405194546,1.6997858873512,-0.357891440391541,1.66168161202222,-0.113435377608748,-6.49936838445408,NA,NA,NA,NA,NA,NA,NA,NA,NA,NA,NA,NA,NA,NA,NA,NA,NA,NA,NA,"171221",NA,NA,NA,NA,NA,NA,NA,NA
"129","10-3-7",-88.089991,41.819871,40.937321,41.8198712222222,-88.090008,0.729894445587803,111069.757208431,83084.0805208178,4644922.91845792,-7318875.90532211,40.937321,34.0455853413377,6.89173565866233,7.03502568056201,1.41264501460528,-0.0246821688488126,1.41242937091738,0.0812298787848654,4.65412922473205,NA,NA,NA,NA,NA,NA,NA,NA,NA,NA,NA,NA,NA,NA,NA,NA,NA,NA,NA,"171221",NA,NA,NA,NA,NA,NA,NA,NA
"130","10-3-8",-88.089991,41.81987,41.065443,41.8198712222222,-88.090008,0.729894445587803,111069.757208431,83084.0805208178,4644922.80738816,-7318875.90532211,41.065443,34.0455853413377,7.01985765866233,7.16182845794023,1.41893809346366,-0.13575192540884,1.41242937091738,0.00288503142791752,0.165300124582275,NA,NA,NA,NA,NA,NA,NA,NA,NA,NA,NA,NA,NA,NA,NA,NA,NA,NA,NA,"171221",NA,NA,NA,NA,NA,NA,NA,NA
"131","10-3-9",-88.089992,41.819872,41.243603,41.8198712222222,-88.090008,0.729894445587803,111069.757208431,83084.0805208178,4644923.02952767,-7318875.98840619,41.243603,34.0455853413377,7.19801765866233,7.32025135711823,1.33214928479377,0.0863875886425376,1.3293452905491,0.163596892356167,9.3734114734644,NA,NA,NA,NA,NA,NA,NA,NA,NA,NA,NA,NA,NA,NA,NA,NA,NA,NA,NA,"171221",NA,NA,NA,NA,NA,NA,NA,NA
"132","10-4",-88.089993,41.819869,39.264451,41.8198712222222,-88.090008,0.729894445587803,111069.757208431,83084.0805208178,4644922.6963184,-7318876.07149027,39.264451,34.0455853413377,5.21886565866233,5.37127980168551,1.27046760872905,-0.24682168290019,1.2462612092495,-0.0968165127916536,-5.5471775701361,NA,NA,NA,NA,NA,NA,NA,NA,NA,NA,NA,NA,NA,NA,NA,NA,NA,NA,NA,"171221",NA,NA,NA,NA,NA,NA,NA,NA
"133","10-5",-88.089993,41.81987,39.462286,41.8198712222222,-88.090008,0.729894445587803,111069.757208431,83084.0805208178,4644922.80738816,-7318876.07149027,39.462286,34.0455853413377,5.41670065866233,5.55987784150741,1.25363295542684,-0.13575192540884,1.2462612092495,-0.00979649717330359,-0.561297942042137,-88.089997,41.819874,105.99678,41.819881,-88.090011,0.729894616242219,111069.75739815,83084.0678820478,4644923.25960121,-7318875.29047738,105.99678,101.593858888762,4.40292111123803,4.61986828709455,1.39909566446201,-0.777488301508129,1.1631769509986,0.981582306753032,56.2405234216645,"both",1.32636430994443,-0.145462709035178,4.90981088495018,1.0137795474243,5.08987306430098,0.940009554412863,27.8396127398112,-56.8018213637066
"134","10-6",-88.089991,41.819868,39.801821,41.8198712222222,-88.090008,0.729894445587803,111069.757208431,83084.0805208178,4644922.58524864,-7318875.90532211,39.801821,34.0455853413377,5.75623565866233,5.93778510633311,1.45706657738608,-0.357891440391541,1.41242937091738,-0.149460935324986,-8.56348079619947,NA,NA,NA,NA,NA,NA,NA,NA,NA,NA,NA,NA,NA,NA,NA,NA,NA,NA,NA,"171221",NA,NA,NA,NA,NA,NA,NA,NA
"135","10-6-1",-88.089992,41.819866,39.876606,41.8198712222222,-88.090008,0.729894445587803,111069.757208431,83084.0805208178,4644922.36310913,-7318875.98840619,39.876606,34.0455853413377,5.83102065866233,6.00869342963709,1.45037747142495,-0.580030954442918,1.3293452905491,-0.312723472671688,-17.9177351387625,NA,NA,NA,NA,NA,NA,NA,NA,NA,NA,NA,NA,NA,NA,NA,NA,NA,NA,NA,"171221",NA,NA,NA,NA,NA,NA,NA,NA
"136","10-6-2",-88.089989,41.819864,40.178393,41.8198712222222,-88.090008,0.729894445587803,111069.757208431,83084.0805208178,4644922.14096962,-7318875.73915395,40.178393,34.0455853413377,6.13280765866233,6.38332024933855,1.77071952252983,-0.802170468494296,1.57859753165394,-0.371446343099545,-21.2823077751723,NA,NA,NA,NA,NA,NA,NA,NA,NA,NA,NA,NA,NA,NA,NA,NA,NA,NA,NA,"171221",NA,NA,NA,NA,NA,NA,NA,NA
"137","10-7",-88.089989,41.819868,40.438599,41.8198712222222,-88.090008,0.729894445587803,111069.757208431,83084.0805208178,4644922.58524864,-7318875.73915395,40.438599,34.0455853413377,6.39301365866233,6.59474640072631,1.61865884300845,-0.357891440391541,1.57859753165394,-0.124242947181302,-7.1185965077554,NA,NA,NA,NA,NA,NA,NA,NA,NA,NA,NA,NA,NA,NA,NA,NA,NA,NA,NA,"171221",NA,NA,NA,NA,NA,NA,NA,NA
"138","10-8",-88.089988,41.819867,40.507314,41.8198712222222,-88.090008,0.729894445587803,111069.757208431,83084.0805208178,4644922.47417889,-7318875.65606987,40.507314,34.0455853413377,6.46172865866233,6.68842639506163,1.72658923429373,-0.468961196951568,1.66168161202222,-0.17636383094528,-10.1049031719233,NA,NA,NA,NA,NA,NA,NA,NA,NA,NA,NA,NA,NA,NA,NA,NA,NA,NA,NA,"171221",NA,NA,NA,NA,NA,NA,NA,NA
"139","10-8-1",-88.089985,41.819864,40.981551,41.8198712222222,-88.090008,0.729894445587803,111069.757208431,83084.0805208178,4644922.14096962,-7318875.40681763,40.981551,34.0455853413377,6.93596565866233,7.23897542980041,2.07247331831095,-0.802170468494296,1.91093385405838,-0.298737291377457,-17.1163859790982,NA,NA,NA,NA,NA,NA,NA,NA,NA,NA,NA,NA,NA,NA,NA,NA,NA,NA,NA,"171221",NA,NA,NA,NA,NA,NA,NA,NA
"140","10-8-2",-88.089986,41.819863,40.995333,41.8198712222222,-88.090008,0.729894445587803,111069.757208431,83084.0805208178,4644922.02989986,-7318875.48990171,40.995333,34.0455853413377,6.94974765866233,7.2438963979767,2.04329207543544,-0.913240225985646,1.8278497736901,-0.364644830774199,-20.8926098246237,NA,NA,NA,NA,NA,NA,NA,NA,NA,NA,NA,NA,NA,NA,NA,NA,NA,NA,NA,"171221",NA,NA,NA,NA,NA,NA,NA,NA
"141","10-9",-88.089985,41.819869,40.965483,41.8198712222222,-88.090008,0.729894445587803,111069.757208431,83084.0805208178,4644922.6963184,-7318875.40681763,40.965483,34.0455853413377,6.91989765866233,7.1831450454586,1.92680801787208,-0.24682168290019,1.91093385405838,-0.0297486132578897,-1.70446998604401,NA,NA,NA,NA,NA,NA,NA,NA,NA,NA,NA,NA,NA,NA,NA,NA,NA,NA,NA,"171221",NA,NA,NA,NA,NA,NA,NA,NA
"142","10-9-1",-88.089984,41.819871,41.32573,41.8198712222222,-88.090008,0.729894445587803,111069.757208431,83084.0805208178,4644922.91845792,-7318875.32373355,41.32573,34.0455853413377,7.28014465866233,7.54832583976897,1.99417068784853,-0.0246821688488126,1.99401793442667,0.0863256003167825,4.94609256208484,NA,NA,NA,NA,NA,NA,NA,NA,NA,NA,NA,NA,NA,NA,NA,NA,NA,NA,NA,"171221",NA,NA,NA,NA,NA,NA,NA,NA
"143","14",-88.090002,41.819876,38.801742,41.8198712222222,-88.090008,0.729894445587803,111069.757208431,83084.0805208178,4644923.4738067,-7318876.819247,38.801742,34.0455853413377,4.75615665866233,4.81156314958279,0.72808912962981,0.530666617676616,0.49850448500365,0.915341592793951,52.4452100798758,-88.090008,41.819881,105.526534,41.819881,-88.090011,0.729894616242219,111069.75739815,83084.0678820478,4644924.03708951,-7318876.20440213,105.526534,101.593858888762,3.93267511123803,3.94056597352158,0.249252203851938,0,0.249252203851938,1.5707963267949,90,"both",0.488670666740874,0.478836925777872,4.34441588495018,0.823481547424301,4.37606456155219,0.870997176061214,71.2226050399379,-37.5547899201242
"144","14-1",-88.090006,41.819875,39.09646,41.8198712222222,-88.090008,0.729894445587803,111069.757208431,83084.0805208178,4644923.36273695,-7318877.15158332,39.09646,34.0455853413377,5.05087465866233,5.07099676608434,0.451301876929943,0.419596861116588,0.166168162599206,1.29242996980675,74.0507825861471,NA,NA,NA,NA,NA,NA,NA,NA,NA,NA,NA,NA,NA,NA,NA,NA,NA,NA,NA,"171221",NA,NA,NA,NA,NA,NA,NA,NA
"145","14-2",-88.090007,41.819875,38.990507,41.8198712222222,-88.090008,0.729894445587803,111069.757208431,83084.0805208178,4644923.36273695,-7318877.2346674,38.990507,34.0455853413377,4.94492165866233,4.96338742200192,0.42774348689261,0.419596861116588,0.0830840822309256,1.47401870483528,84.4550507104012,NA,NA,NA,NA,NA,NA,NA,NA,NA,NA,NA,NA,NA,NA,NA,NA,NA,NA,NA,"171221",NA,NA,NA,NA,NA,NA,NA,NA
"146","14-3",-88.090011,41.819875,39.308759,41.8198712222222,-88.090008,0.729894445587803,111069.757208431,83084.0805208178,4644923.36273695,-7318877.56700372,39.308759,34.0455853413377,5.26317365866233,5.28575303682715,0.488045289999208,0.419596861116588,-0.249252240173519,2.20551607738124,126.366762882194,NA,NA,NA,NA,NA,NA,NA,NA,NA,NA,NA,NA,NA,NA,NA,NA,NA,NA,NA,"171221",NA,NA,NA,NA,NA,NA,NA,NA
"147","14-4",-88.090012,41.819873,39.458891,41.8198712222222,-88.090008,0.729894445587803,111069.757208431,83084.0805208178,4644923.14059743,-7318877.6500878,39.458891,34.0455853413377,5.41330565866233,5.42709084018308,0.386570606090918,0.197457346133888,-0.332336320541799,2.70418942327492,154.938640957569,NA,NA,NA,NA,NA,NA,NA,NA,NA,NA,NA,NA,NA,NA,NA,NA,NA,NA,NA,"171221",NA,NA,NA,NA,NA,NA,NA,NA
"148","14-5",-88.090015,41.819874,39.781138,41.8198712222222,-88.090008,0.729894445587803,111069.757208431,83084.0805208178,4644923.25166719,-7318877.89934005,39.781138,34.0455853413377,5.73555265866233,5.77321388209578,0.658357219247203,0.308527102693915,-0.58158856164664,2.75255443365011,157.709751928174,NA,NA,NA,NA,NA,NA,NA,NA,NA,NA,NA,NA,NA,NA,NA,NA,NA,NA,NA,"171221",NA,NA,NA,NA,NA,NA,NA,NA
"149","14-5-1",-88.090017,41.819875,40.055264,41.8198712222222,-88.090008,0.729894445587803,111069.757208431,83084.0805208178,4644923.36273695,-7318878.06550821,40.055264,34.0455853413377,6.00967865866233,6.07053862713206,0.857439002565761,0.419596861116588,-0.747756723314524,2.72893932074911,156.356705626222,NA,NA,NA,NA,NA,NA,NA,NA,NA,NA,NA,NA,NA,NA,NA,NA,NA,NA,NA,"171221",NA,NA,NA,NA,NA,NA,NA,NA
"150","14-5-2",-88.090017,41.819875,40.081829,41.8198712222222,-88.090008,0.729894445587803,111069.757208431,83084.0805208178,4644923.36273695,-7318878.06550821,40.081829,34.0455853413377,6.03624365866233,6.09683845528665,0.857439002565761,0.419596861116588,-0.747756723314524,2.72893932074911,156.356705626222,NA,NA,NA,NA,NA,NA,NA,NA,NA,NA,NA,NA,NA,NA,NA,NA,NA,NA,NA,"171221",NA,NA,NA,NA,NA,NA,NA,NA
"151","14-6",-88.090016,41.819874,39.802539,41.8198712222222,-88.090008,0.729894445587803,111069.757208431,83084.0805208178,4644923.25166719,-7318877.98242413,39.802539,34.0455853413377,5.75695365866233,5.80340366710463,0.73278830188387,0.308527102693915,-0.664672642946243,2.80571328338831,160.755529661943,NA,NA,NA,NA,NA,NA,NA,NA,NA,NA,NA,NA,NA,NA,NA,NA,NA,NA,NA,"171221",NA,NA,NA,NA,NA,NA,NA,NA
"152","14-7",-88.090021,41.819873,40.077793,41.8198712222222,-88.090008,0.729894445587803,111069.757208431,83084.0805208178,4644923.14059743,-7318878.39784453,40.077793,34.0455853413377,6.03220765866233,6.13132282840867,1.09799380186815,0.197457346133888,-1.08009304478765,3.05947735731856,175.295140090192,NA,NA,NA,NA,NA,NA,NA,NA,NA,NA,NA,NA,NA,NA,NA,NA,NA,NA,NA,"171221",NA,NA,NA,NA,NA,NA,NA,NA
"153","14-8",-88.090023,41.819872,40.18176,41.8198712222222,-88.090008,0.729894445587803,111069.757208431,83084.0805208178,4644923.02952767,-7318878.56401269,40.18176,34.0455853413377,6.13617465866233,6.26204992409013,1.24925170009389,0.0863875886425376,-1.24626120645553,3.17108902999536,181.690017878968,NA,NA,NA,NA,NA,NA,NA,NA,NA,NA,NA,NA,NA,NA,NA,NA,NA,NA,NA,"171221",NA,NA,NA,NA,NA,NA,NA,NA
"154","14-9",-88.090025,41.819872,40.217052,41.8198712222222,-88.090008,0.729894445587803,111069.757208431,83084.0805208178,4644923.02952767,-7318878.73018085,40.217052,34.0455853413377,6.17146665866233,6.33162066549781,1.415068737828,0.0863875886425376,-1.41242936719209,3.17920941184375,182.155281486915,NA,NA,NA,NA,NA,NA,NA,NA,NA,NA,NA,NA,NA,NA,NA,NA,NA,NA,NA,"171221",NA,NA,NA,NA,NA,NA,NA,NA
"155","15",-88.09,41.819877,39.031365,41.8198712222222,-88.090008,0.729894445587803,111069.757208431,83084.0805208178,4644923.58487646,-7318876.65307884,39.031365,34.0455853413377,4.98577965866233,5.07066209727534,0.923913037040654,0.641736374236643,0.664672645740211,0.866546312077486,49.6494464346663,-88.090005,41.819883,105.785245,41.819881,-88.090011,0.729894616242219,111069.75739815,83084.0678820478,4644924.25922902,-7318875.95514993,105.785245,101.593858888762,4.19138611123803,4.22676828582973,0.545758745799774,0.2221395149827,0.498504407703876,1.98999515072466,114.018323388023,"both",0.734835891420214,0.37815429124088,4.58858288495018,0.794393547424299,4.64871519155254,0.843893811445608,81.8338849113446,-64.3688769533567
"156","15-1",-88.089995,41.819879,39.540255,41.8198712222222,-88.090008,0.729894445587803,111069.757208431,83084.0805208178,4644923.80701597,-7318876.23765844,39.540255,34.0455853413377,5.49466965866233,5.66606364271042,1.38306997126699,0.863875889219344,1.08009304851294,0.773331918862472,44.3086551135731,NA,NA,NA,NA,NA,NA,NA,NA,NA,NA,NA,NA,NA,NA,NA,NA,NA,NA,NA,"171221",NA,NA,NA,NA,NA,NA,NA,NA
"157","15-10",-88.089981,41.819886,41.13597,41.8198712222222,-88.090008,0.729894445587803,111069.757208431,83084.0805208178,4644924.58450427,-7318875.07448131,41.13597,34.0455853413377,7.09038465866233,7.61576602161246,2.77962901987887,1.64136418979615,2.24327017646283,0.730378318772468,41.8475951135231,NA,NA,NA,NA,NA,NA,NA,NA,NA,NA,NA,NA,NA,NA,NA,NA,NA,NA,NA,"171221",NA,NA,NA,NA,NA,NA,NA,NA
"158","15-11",-88.089981,41.819885,41.226391,41.8198712222222,-88.090008,0.729894445587803,111069.757208431,83084.0805208178,4644924.47343452,-7318875.07448131,41.226391,34.0455853413377,7.18080565866233,7.6771109176322,2.71552244221082,1.5302944323048,2.24327017646283,0.69736295601568,39.9559541684657,NA,NA,NA,NA,NA,NA,NA,NA,NA,NA,NA,NA,NA,NA,NA,NA,NA,NA,NA,"171221",NA,NA,NA,NA,NA,NA,NA,NA
"159","15-2",-88.089992,41.819882,40.018377,41.8198712222222,-88.090008,0.729894445587803,111069.757208431,83084.0805208178,4644924.14022525,-7318875.98840619,40.018377,34.0455853413377,5.97279165866233,6.23493480169666,1.78890239633744,1.19708516076207,1.3293452905491,0.831798392590841,47.6585373012211,NA,NA,NA,NA,NA,NA,NA,NA,NA,NA,NA,NA,NA,NA,NA,NA,NA,NA,NA,"171221",NA,NA,NA,NA,NA,NA,NA,NA
"160","15-3",-88.08999,41.819883,40.162659,41.8198712222222,-88.090008,0.729894445587803,111069.757208431,83084.0805208178,4644924.251295,-7318875.82223803,40.162659,34.0455853413377,6.11707365866233,6.43167318188879,1.9869146365979,1.30815491825342,1.49551345128566,0.817374239220985,46.832094190079,NA,NA,NA,NA,NA,NA,NA,NA,NA,NA,NA,NA,NA,NA,NA,NA,NA,NA,NA,"171221",NA,NA,NA,NA,NA,NA,NA,NA
"161","15-4",-88.08999,41.819883,40.159745,41.8198712222222,-88.090008,0.729894445587803,111069.757208431,83084.0805208178,4644924.251295,-7318875.82223803,40.159745,34.0455853413377,6.11415965866233,6.42890178061081,1.9869146365979,1.30815491825342,1.49551345128566,0.817374239220985,46.832094190079,NA,NA,NA,NA,NA,NA,NA,NA,NA,NA,NA,NA,NA,NA,NA,NA,NA,NA,NA,"171221",NA,NA,NA,NA,NA,NA,NA,NA
"162","15-5",-88.089989,41.819884,40.320765,41.8198712222222,-88.090008,0.729894445587803,111069.757208431,83084.0805208178,4644924.36236476,-7318875.73915395,40.320765,34.0455853413377,6.27517965866233,6.62450364900468,2.12277385681725,1.41922467574477,1.57859753165394,0.830988361301643,47.6121259270765,NA,NA,NA,NA,NA,NA,NA,NA,NA,NA,NA,NA,NA,NA,NA,NA,NA,NA,NA,"171221",NA,NA,NA,NA,NA,NA,NA,NA
"163","15-6",-88.089988,41.819884,40.3828,41.8198712222222,-88.090008,0.729894445587803,111069.757208431,83084.0805208178,4644924.36236476,-7318875.65606987,40.3828,34.0455853413377,6.33721465866233,6.70340764760285,2.18526530654189,1.41922467574477,1.66168161202222,0.805566470484829,46.1555588760307,NA,NA,NA,NA,NA,NA,NA,NA,NA,NA,NA,NA,NA,NA,NA,NA,NA,NA,NA,"171221",NA,NA,NA,NA,NA,NA,NA,NA
"164","15-7",-88.089988,41.819885,40.626219,41.8198712222222,-88.090008,0.729894445587803,111069.757208431,83084.0805208178,4644924.47343452,-7318875.65606987,40.626219,34.0455853413377,6.58063365866233,6.95756611027128,2.25897915645006,1.5302944323048,1.66168161202222,0.842962756237104,48.2982082191013,NA,NA,NA,NA,NA,NA,NA,NA,NA,NA,NA,NA,NA,NA,NA,NA,NA,NA,NA,"171221",NA,NA,NA,NA,NA,NA,NA,NA
"165","15-7-1",-88.089987,41.819885,40.66052,41.8198712222222,-88.090008,0.729894445587803,111069.757208431,83084.0805208178,4644924.47343452,-7318875.57298579,40.66052,34.0455853413377,6.61493465866233,7.01023315678644,2.32077753654586,1.5302944323048,1.74476569332182,0.818708404813987,46.9085362477296,NA,NA,NA,NA,NA,NA,NA,NA,NA,NA,NA,NA,NA,NA,NA,NA,NA,NA,NA,"171221",NA,NA,NA,NA,NA,NA,NA,NA
"166","15-8",-88.089985,41.819886,40.987935,41.8198712222222,-88.090008,0.729894445587803,111069.757208431,83084.0805208178,4644924.58450427,-7318875.40681763,40.987935,34.0455853413377,6.94234965866233,7.38525310204468,2.51907613980435,1.64136418979615,1.91093385405838,0.808360412969804,46.3156399886221,NA,NA,NA,NA,NA,NA,NA,NA,NA,NA,NA,NA,NA,NA,NA,NA,NA,NA,NA,"171221",NA,NA,NA,NA,NA,NA,NA,NA
"167","15-8-1",-88.089985,41.819886,41.037207,41.8198712222222,-88.090008,0.729894445587803,111069.757208431,83084.0805208178,4644924.58450427,-7318875.40681763,41.037207,34.0455853413377,6.99162165866233,7.43158919855019,2.51907613980435,1.64136418979615,1.91093385405838,0.808360412969804,46.3156399886221,NA,NA,NA,NA,NA,NA,NA,NA,NA,NA,NA,NA,NA,NA,NA,NA,NA,NA,NA,"171221",NA,NA,NA,NA,NA,NA,NA,NA
"168","15-8-2",-88.089985,41.819887,41.137576,41.8198712222222,-88.090008,0.729894445587803,111069.757208431,83084.0805208178,4644924.69557403,-7318875.40681763,41.137576,34.0455853413377,7.09199065866233,7.55109425426182,2.59281563829596,1.7524339472875,1.91093385405838,0.840862033131843,48.1778456512442,NA,NA,NA,NA,NA,NA,NA,NA,NA,NA,NA,NA,NA,NA,NA,NA,NA,NA,NA,"171221",NA,NA,NA,NA,NA,NA,NA,NA
"169","15-9",-88.089982,41.819886,41.077002,41.8198712222222,-88.090008,0.729894445587803,111069.757208431,83084.0805208178,4644924.58450427,-7318875.15756539,41.077002,34.0455853413377,7.03141665866233,7.53666375772436,2.71302052503878,1.64136418979615,2.16018609516323,0.748462819876293,42.8837607013719,NA,NA,NA,NA,NA,NA,NA,NA,NA,NA,NA,NA,NA,NA,NA,NA,NA,NA,NA,"171221",NA,NA,NA,NA,NA,NA,NA,NA
"170","2-1.1",NA,NA,NA,NA,NA,NA,NA,NA,NA,NA,NA,NA,NA,NA,NA,NA,NA,NA,NA,-88.089988,41.819891,103.541464,41.819881,-88.090011,0.729894616242219,111069.75739815,83084.0678820478,4644925.14778708,-7318874.54272077,103.541464,101.593858888762,1.94760511123803,2.94592631393047,2.21027513621889,1.11069757398218,1.9109335616231,2.09730222609207,120.166565918468,"180109",NA,NA,NA,NA,NA,NA,NA,NA
"171","3-1-.5",NA,NA,NA,NA,NA,NA,NA,NA,NA,NA,NA,NA,NA,NA,NA,NA,NA,NA,NA,-88.090019,41.81988,103.296919,41.819881,-88.090011,0.729894616242219,111069.75739815,83084.0678820478,4644923.92601975,-7318877.11832688,103.296919,101.593858888762,1.70306011123803,1.83154028677808,0.67388877390933,-0.11106975749135,-0.664672542363405,-1.40522170213712,-80.5132728126467,"180109",NA,NA,NA,NA,NA,NA,NA,NA
"172","3-2-.5",NA,NA,NA,NA,NA,NA,NA,NA,NA,NA,NA,NA,NA,NA,NA,NA,NA,NA,NA,-88.090021,41.819875,103.522362,41.819881,-88.090011,0.729894616242219,111069.75739815,83084.0678820478,4644923.37067096,-7318877.28449501,103.522362,101.593858888762,1.92850311123803,2.20307379767626,1.06508680770768,-0.666418544016778,-0.830840677954257,-0.89477530242702,-51.2668484416101,"180109",NA,NA,NA,NA,NA,NA,NA,NA
